worker_id,order_id,aisle_id,zone,aisle_capacity,worker_entry_time,worker_exit_time,pick_time,path,path_step,total_steps,distance_m,release_time,scenario
W001,ORD_0001,A10,Zone_C_Electrical,4,31.0,63.1,32.1,A10 -> A07 -> A03,1,3,90.0,31.0,Normal Operation
W001,ORD_0001,A07,Zone_B_EngineParts,3,93.1,142.4,49.3,A10 -> A07 -> A03,2,3,90.0,31.0,Normal Operation
W001,ORD_0001,A03,Zone_A_FastMoving,3,157.4,188.2,30.8,A10 -> A07 -> A03,3,3,90.0,31.0,Normal Operation
W002,ORD_0002,A11,Zone_C_Electrical,4,33.8,83.1,49.3,A11 -> A07 -> A04,1,3,105.0,33.8,Normal Operation
W002,ORD_0002,A07,Zone_B_EngineParts,3,98.1,141.8,43.7,A11 -> A07 -> A04,2,3,105.0,33.8,Normal Operation
W002,ORD_0002,A04,Zone_A_FastMoving,5,171.8,218.2,46.4,A11 -> A07 -> A04,3,3,105.0,33.8,Normal Operation
W003,ORD_0003,A04,Zone_A_FastMoving,5,42.5,74.6,32.1,A04 -> A12 -> A11 -> A03,1,4,120.0,42.5,Normal Operation
W003,ORD_0003,A12,Zone_C_Electrical,5,104.6,137.6,33.0,A04 -> A12 -> A11 -> A03,2,4,120.0,42.5,Normal Operation
W003,ORD_0003,A11,Zone_C_Electrical,4,152.6,183.1,30.5,A04 -> A12 -> A11 -> A03,3,4,120.0,42.5,Normal Operation
W003,ORD_0003,A03,Zone_A_FastMoving,3,213.1,245.9,32.8,A04 -> A12 -> A11 -> A03,4,4,120.0,42.5,Normal Operation
W004,ORD_0004,A02,Zone_A_FastMoving,4,56.3,87.0,30.7,A02 -> A03 -> A09,1,3,90.0,56.3,Normal Operation
W004,ORD_0004,A03,Zone_A_FastMoving,3,102.0,156.4,54.4,A02 -> A03 -> A09,2,3,90.0,56.3,Normal Operation
W004,ORD_0004,A09,Zone_C_Electrical,4,216.4,254.9,38.5,A02 -> A03 -> A09,3,3,90.0,56.3,Normal Operation
W005,ORD_0005,A07,Zone_B_EngineParts,3,88.1,140.2,52.1,A07 -> A11,1,2,60.0,88.1,Normal Operation
W005,ORD_0005,A11,Zone_C_Electrical,4,155.2,209.3,54.1,A07 -> A11,2,2,60.0,88.1,Normal Operation
W006,ORD_0006,A03,Zone_A_FastMoving,3,94.6,148.8,54.2,A03 -> A08,1,2,60.0,94.6,Normal Operation
W006,ORD_0006,A08,Zone_B_EngineParts,5,178.8,238.5,59.7,A03 -> A08,2,2,60.0,94.6,Normal Operation
W007,ORD_0007,A04,Zone_A_FastMoving,5,101.5,159.4,57.9,A04 -> A08 -> A03,1,3,90.0,101.5,Normal Operation
W007,ORD_0007,A08,Zone_B_EngineParts,5,174.4,230.2,55.8,A04 -> A08 -> A03,2,3,90.0,101.5,Normal Operation
W007,ORD_0007,A03,Zone_A_FastMoving,3,260.2,303.1,42.9,A04 -> A08 -> A03,3,3,90.0,101.5,Normal Operation
W008,ORD_0008,A08,Zone_B_EngineParts,5,126.0,171.2,45.2,A08 -> A02 -> A11,1,3,150.0,126.0,Normal Operation
W008,ORD_0008,A02,Zone_A_FastMoving,4,216.2,271.0,54.8,A08 -> A02 -> A11,2,3,150.0,126.0,Normal Operation
W008,ORD_0008,A11,Zone_C_Electrical,4,316.0,355.6,39.6,A08 -> A02 -> A11,3,3,150.0,126.0,Normal Operation
W009,ORD_0009,A04,Zone_A_FastMoving,5,148.8,188.4,39.6,A04 -> A01 -> A11 -> A02,1,4,195.0,148.8,Normal Operation
W009,ORD_0009,A01,Zone_A_FastMoving,4,233.4,291.9,58.5,A04 -> A01 -> A11 -> A02,2,4,195.0,148.8,Normal Operation
W009,ORD_0009,A11,Zone_C_Electrical,4,351.9,410.4,58.5,A04 -> A01 -> A11 -> A02,3,4,195.0,148.8,Normal Operation
W009,ORD_0009,A02,Zone_A_FastMoving,4,455.4,502.6,47.2,A04 -> A01 -> A11 -> A02,4,4,195.0,148.8,Normal Operation
W010,ORD_0010,A05,Zone_B_EngineParts,4,155.1,207.7,52.6,A05 -> A03 -> A08,1,3,90.0,155.1,Normal Operation
W010,ORD_0010,A03,Zone_A_FastMoving,3,252.7,306.4,53.7,A05 -> A03 -> A08,2,3,90.0,155.1,Normal Operation
W010,ORD_0010,A08,Zone_B_EngineParts,5,336.4,390.1,53.7,A05 -> A03 -> A08,3,3,90.0,155.1,Normal Operation
W011,ORD_0011,A06,Zone_B_EngineParts,4,155.6,202.1,46.5,A06 -> A01,1,2,60.0,155.6,Normal Operation
W011,ORD_0011,A01,Zone_A_FastMoving,4,232.1,275.3,43.2,A06 -> A01,2,2,60.0,155.6,Normal Operation
W012,ORD_0012,A03,Zone_A_FastMoving,3,186.7,219.7,33.0,A03 -> A02 -> A08 -> A07,1,4,105.0,186.7,Normal Operation
W012,ORD_0012,A02,Zone_A_FastMoving,4,234.7,267.2,32.5,A03 -> A02 -> A08 -> A07,2,4,105.0,186.7,Normal Operation
W012,ORD_0012,A08,Zone_B_EngineParts,5,312.2,363.2,51.0,A03 -> A02 -> A08 -> A07,3,4,105.0,186.7,Normal Operation
W012,ORD_0012,A07,Zone_B_EngineParts,3,378.2,410.4,32.2,A03 -> A02 -> A08 -> A07,4,4,105.0,186.7,Normal Operation
W013,ORD_0013,A07,Zone_B_EngineParts,3,192.3,233.4,41.1,A07 -> A02 -> A12 -> A03,1,4,180.0,192.3,Normal Operation
W013,ORD_0013,A02,Zone_A_FastMoving,4,263.4,317.8,54.4,A07 -> A02 -> A12 -> A03,2,4,180.0,192.3,Normal Operation
W013,ORD_0013,A12,Zone_C_Electrical,5,377.8,436.2,58.4,A07 -> A02 -> A12 -> A03,3,4,180.0,192.3,Normal Operation
W013,ORD_0013,A03,Zone_A_FastMoving,3,481.2,540.8,59.6,A07 -> A02 -> A12 -> A03,4,4,180.0,192.3,Normal Operation
W014,ORD_0014,A04,Zone_A_FastMoving,5,210.5,257.3,46.8,A04 -> A02 -> A08,1,3,120.0,210.5,Normal Operation
W014,ORD_0014,A02,Zone_A_FastMoving,4,287.3,330.0,42.7,A04 -> A02 -> A08,2,3,120.0,210.5,Normal Operation
W014,ORD_0014,A08,Zone_B_EngineParts,5,375.0,432.2,57.2,A04 -> A02 -> A08,3,3,120.0,210.5,Normal Operation
W015,ORD_0015,A06,Zone_B_EngineParts,4,220.0,264.1,44.1,A06 -> A01,1,2,60.0,220.0,Normal Operation
W015,ORD_0015,A01,Zone_A_FastMoving,4,294.1,325.8,31.7,A06 -> A01,2,2,60.0,220.0,Normal Operation
W016,ORD_0016,A02,Zone_A_FastMoving,4,225.7,278.1,52.4,A02 -> A07,1,2,45.0,225.7,Normal Operation
W016,ORD_0016,A07,Zone_B_EngineParts,3,308.1,355.6,47.5,A02 -> A07,2,2,45.0,225.7,Normal Operation
W017,ORD_0017,A04,Zone_A_FastMoving,5,228.6,259.0,30.4,A04 -> A03 -> A10 -> A12,1,4,135.0,228.6,Normal Operation
W017,ORD_0017,A03,Zone_A_FastMoving,3,274.0,333.1,59.1,A04 -> A03 -> A10 -> A12,2,4,135.0,228.6,Normal Operation
W017,ORD_0017,A10,Zone_C_Electrical,4,378.1,409.4,31.3,A04 -> A03 -> A10 -> A12,3,4,135.0,228.6,Normal Operation
W017,ORD_0017,A12,Zone_C_Electrical,5,439.4,496.1,56.7,A04 -> A03 -> A10 -> A12,4,4,135.0,228.6,Normal Operation
W018,ORD_0018,A12,Zone_C_Electrical,5,249.3,308.4,59.1,A12 -> A02 -> A07,1,3,165.0,249.3,Normal Operation
W018,ORD_0018,A02,Zone_A_FastMoving,4,368.4,414.1,45.7,A12 -> A02 -> A07,2,3,165.0,249.3,Normal Operation
W018,ORD_0018,A07,Zone_B_EngineParts,3,444.1,493.0,48.9,A12 -> A02 -> A07,3,3,165.0,249.3,Normal Operation
W019,ORD_0019,A05,Zone_B_EngineParts,4,249.5,280.9,31.4,A05 -> A07 -> A11,1,3,60.0,249.5,Normal Operation
W019,ORD_0019,A07,Zone_B_EngineParts,3,310.9,349.3,38.4,A05 -> A07 -> A11,2,3,60.0,249.5,Normal Operation
W019,ORD_0019,A11,Zone_C_Electrical,4,364.3,422.8,58.5,A05 -> A07 -> A11,3,3,60.0,249.5,Normal Operation
W020,ORD_0020,A05,Zone_B_EngineParts,4,276.8,317.4,40.6,A05 -> A07 -> A03 -> A06,1,4,90.0,276.8,Normal Operation
W020,ORD_0020,A07,Zone_B_EngineParts,3,347.4,394.9,47.5,A05 -> A07 -> A03 -> A06,2,4,90.0,276.8,Normal Operation
W020,ORD_0020,A03,Zone_A_FastMoving,3,409.9,442.2,32.3,A05 -> A07 -> A03 -> A06,3,4,90.0,276.8,Normal Operation
W020,ORD_0020,A06,Zone_B_EngineParts,4,472.2,531.4,59.2,A05 -> A07 -> A03 -> A06,4,4,90.0,276.8,Normal Operation
W021,ORD_0021,A07,Zone_B_EngineParts,3,277.3,327.8,50.5,A07 -> A06 -> A03 -> A09,1,4,150.0,277.3,Normal Operation
W021,ORD_0021,A06,Zone_B_EngineParts,4,342.8,377.7,34.9,A07 -> A06 -> A03 -> A09,2,4,150.0,277.3,Normal Operation
W021,ORD_0021,A03,Zone_A_FastMoving,3,407.7,465.0,57.3,A07 -> A06 -> A03 -> A09,3,4,150.0,277.3,Normal Operation
W021,ORD_0021,A09,Zone_C_Electrical,4,525.0,579.7,54.7,A07 -> A06 -> A03 -> A09,4,4,150.0,277.3,Normal Operation
W022,ORD_0022,A07,Zone_B_EngineParts,3,281.5,312.9,31.4,A07 -> A05 -> A11 -> A10,1,4,135.0,281.5,Normal Operation
W022,ORD_0022,A05,Zone_B_EngineParts,4,342.9,373.7,30.8,A07 -> A05 -> A11 -> A10,2,4,135.0,281.5,Normal Operation
W022,ORD_0022,A11,Zone_C_Electrical,4,418.7,460.0,41.3,A07 -> A05 -> A11 -> A10,3,4,135.0,281.5,Normal Operation
W022,ORD_0022,A10,Zone_C_Electrical,4,475.0,529.3,54.3,A07 -> A05 -> A11 -> A10,4,4,135.0,281.5,Normal Operation
W023,ORD_0023,A03,Zone_A_FastMoving,3,284.3,339.6,55.3,A03 -> A07 -> A04 -> A12,1,4,105.0,284.3,Normal Operation
W023,ORD_0023,A07,Zone_B_EngineParts,3,354.6,409.7,55.1,A03 -> A07 -> A04 -> A12,2,4,105.0,284.3,Normal Operation
W023,ORD_0023,A04,Zone_A_FastMoving,5,439.7,483.8,44.1,A03 -> A07 -> A04 -> A12,3,4,105.0,284.3,Normal Operation
W023,ORD_0023,A12,Zone_C_Electrical,5,513.8,556.2,42.4,A03 -> A07 -> A04 -> A12,4,4,105.0,284.3,Normal Operation
W024,ORD_0024,A01,Zone_A_FastMoving,4,315.0,369.4,54.4,A01 -> A10,1,2,45.0,315.0,Normal Operation
W024,ORD_0024,A10,Zone_C_Electrical,4,414.4,474.4,60.0,A01 -> A10,2,2,45.0,315.0,Normal Operation
W025,ORD_0025,A07,Zone_B_EngineParts,3,316.3,353.7,37.4,A07 -> A08 -> A11 -> A09,1,4,120.0,316.3,Normal Operation
W025,ORD_0025,A08,Zone_B_EngineParts,5,368.7,412.2,43.5,A07 -> A08 -> A11 -> A09,2,4,120.0,316.3,Normal Operation
W025,ORD_0025,A11,Zone_C_Electrical,4,442.2,476.1,33.9,A07 -> A08 -> A11 -> A09,3,4,120.0,316.3,Normal Operation
W025,ORD_0025,A09,Zone_C_Electrical,4,506.1,564.7,58.6,A07 -> A08 -> A11 -> A09,4,4,120.0,316.3,Normal Operation
W026,ORD_0026,A03,Zone_A_FastMoving,3,355.5,388.9,33.4,A03 -> A07 -> A05,1,3,75.0,355.5,Normal Operation
W026,ORD_0026,A07,Zone_B_EngineParts,3,403.9,454.0,50.1,A03 -> A07 -> A05,2,3,75.0,355.5,Normal Operation
W026,ORD_0026,A05,Zone_B_EngineParts,4,484.0,529.6,45.6,A03 -> A07 -> A05,3,3,75.0,355.5,Normal Operation
W027,ORD_0027,A06,Zone_B_EngineParts,4,389.0,435.8,46.8,A06 -> A10 -> A07,1,3,75.0,389.0,Normal Operation
W027,ORD_0027,A10,Zone_C_Electrical,4,450.8,507.1,56.3,A06 -> A10 -> A07,2,3,75.0,389.0,Normal Operation
W027,ORD_0027,A07,Zone_B_EngineParts,3,537.1,579.2,42.1,A06 -> A10 -> A07,3,3,75.0,389.0,Normal Operation
W028,ORD_0028,A01,Zone_A_FastMoving,4,398.1,446.7,48.6,A01 -> A08,1,2,60.0,398.1,Normal Operation
W028,ORD_0028,A08,Zone_B_EngineParts,5,506.7,557.8,51.1,A01 -> A08,2,2,60.0,398.1,Normal Operation
W029,ORD_0029,A02,Zone_A_FastMoving,4,453.2,493.7,40.5,A02 -> A01,1,2,30.0,453.2,Normal Operation
W029,ORD_0029,A01,Zone_A_FastMoving,4,508.7,556.4,47.7,A02 -> A01,2,2,30.0,453.2,Normal Operation
W030,ORD_0030,A05,Zone_B_EngineParts,4,456.2,496.6,40.4,A05 -> A11,1,2,60.0,456.2,Normal Operation
W030,ORD_0030,A11,Zone_C_Electrical,4,541.6,587.0,45.4,A05 -> A11,2,2,60.0,456.2,Normal Operation
W031,ORD_0031,A04,Zone_A_FastMoving,5,471.1,529.6,58.5,A04 -> A07 -> A10,1,3,105.0,471.1,Normal Operation
W031,ORD_0031,A07,Zone_B_EngineParts,3,559.6,594.0,34.4,A04 -> A07 -> A10,2,3,105.0,471.1,Normal Operation
W031,ORD_0031,A10,Zone_C_Electrical,4,624.0,681.8,57.8,A04 -> A07 -> A10,3,3,105.0,471.1,Normal Operation
W032,ORD_0032,A03,Zone_A_FastMoving,3,480.2,525.0,44.8,A03 -> A05 -> A12,1,3,135.0,480.2,Normal Operation
W032,ORD_0032,A05,Zone_B_EngineParts,4,570.0,609.9,39.9,A03 -> A05 -> A12,2,3,135.0,480.2,Normal Operation
W032,ORD_0032,A12,Zone_C_Electrical,5,669.9,718.9,49.0,A03 -> A05 -> A12,3,3,135.0,480.2,Normal Operation
W033,ORD_0033,A02,Zone_A_FastMoving,4,514.9,549.5,34.6,A02 -> A03,1,2,30.0,514.9,Normal Operation
W033,ORD_0033,A03,Zone_A_FastMoving,3,564.5,598.7,34.2,A02 -> A03,2,2,30.0,514.9,Normal Operation
W034,ORD_0034,A03,Zone_A_FastMoving,3,522.3,572.3,50.0,A03 -> A10 -> A07,1,3,105.0,522.3,Normal Operation
W034,ORD_0034,A10,Zone_C_Electrical,4,617.3,652.5,35.2,A03 -> A10 -> A07,2,3,105.0,522.3,Normal Operation
W034,ORD_0034,A07,Zone_B_EngineParts,3,682.5,718.3,35.8,A03 -> A10 -> A07,3,3,105.0,522.3,Normal Operation
W035,ORD_0035,A03,Zone_A_FastMoving,3,541.6,574.3,32.7,A03 -> A02,1,2,45.0,541.6,Normal Operation
W035,ORD_0035,A02,Zone_A_FastMoving,4,589.3,622.9,33.6,A03 -> A02,2,2,45.0,541.6,Normal Operation
W036,ORD_0036,A03,Zone_A_FastMoving,3,552.6,603.3,50.7,A03 -> A04 -> A06,1,3,90.0,552.6,Normal Operation
W036,ORD_0036,A04,Zone_A_FastMoving,5,618.3,649.5,31.2,A03 -> A04 -> A06,2,3,90.0,552.6,Normal Operation
W036,ORD_0036,A06,Zone_B_EngineParts,4,694.5,748.5,54.0,A03 -> A04 -> A06,3,3,90.0,552.6,Normal Operation
W037,ORD_0037,A02,Zone_A_FastMoving,4,569.8,601.6,31.8,A02 -> A10 -> A11,1,3,60.0,569.8,Normal Operation
W037,ORD_0037,A10,Zone_C_Electrical,4,631.6,669.9,38.3,A02 -> A10 -> A11,2,3,60.0,569.8,Normal Operation
W037,ORD_0037,A11,Zone_C_Electrical,4,684.9,739.1,54.2,A02 -> A10 -> A11,3,3,60.0,569.8,Normal Operation
W038,ORD_0038,A03,Zone_A_FastMoving,3,573.3,621.8,48.5,A03 -> A04 -> A07,1,3,75.0,573.3,Normal Operation
W038,ORD_0038,A04,Zone_A_FastMoving,5,636.8,677.9,41.1,A03 -> A04 -> A07,2,3,75.0,573.3,Normal Operation
W038,ORD_0038,A07,Zone_B_EngineParts,3,707.9,751.8,43.9,A03 -> A04 -> A07,3,3,75.0,573.3,Normal Operation
W039,ORD_0039,A01,Zone_A_FastMoving,4,575.2,632.1,56.9,A01 -> A03 -> A07,1,3,45.0,575.2,Normal Operation
W039,ORD_0039,A03,Zone_A_FastMoving,3,662.1,707.5,45.4,A01 -> A03 -> A07,2,3,45.0,575.2,Normal Operation
W039,ORD_0039,A07,Zone_B_EngineParts,3,722.5,768.5,46.0,A01 -> A03 -> A07,3,3,45.0,575.2,Normal Operation
W040,ORD_0040,A05,Zone_B_EngineParts,4,594.7,632.0,37.3,A05 -> A06,1,2,30.0,594.7,Normal Operation
W040,ORD_0040,A06,Zone_B_EngineParts,4,647.0,685.1,38.1,A05 -> A06,2,2,30.0,594.7,Normal Operation
W041,ORD_0041,A01,Zone_A_FastMoving,4,597.8,634.1,36.3,A01 -> A03,1,2,30.0,597.8,Normal Operation
W041,ORD_0041,A03,Zone_A_FastMoving,3,664.1,703.9,39.8,A01 -> A03,2,2,30.0,597.8,Normal Operation
W042,ORD_0042,A10,Zone_C_Electrical,4,598.7,649.1,50.4,A10 -> A07,1,2,75.0,598.7,Normal Operation
W042,ORD_0042,A07,Zone_B_EngineParts,3,679.1,732.8,53.7,A10 -> A07,2,2,75.0,598.7,Normal Operation
W043,ORD_0043,A02,Zone_A_FastMoving,4,621.0,673.4,52.4,A02 -> A06 -> A07,1,3,45.0,621.0,Normal Operation
W043,ORD_0043,A06,Zone_B_EngineParts,4,688.4,731.3,42.9,A02 -> A06 -> A07,2,3,45.0,621.0,Normal Operation
W043,ORD_0043,A07,Zone_B_EngineParts,3,746.3,780.1,33.8,A02 -> A06 -> A07,3,3,45.0,621.0,Normal Operation
W044,ORD_0044,A04,Zone_A_FastMoving,5,660.3,707.4,47.1,A04 -> A07,1,2,75.0,660.3,Normal Operation
W044,ORD_0044,A07,Zone_B_EngineParts,3,737.4,778.1,40.7,A04 -> A07,2,2,75.0,660.3,Normal Operation
W045,ORD_0045,A07,Zone_B_EngineParts,3,673.5,708.3,34.8,A07 -> A03 -> A02 -> A05,1,4,105.0,673.5,Normal Operation
W045,ORD_0045,A03,Zone_A_FastMoving,3,723.3,758.9,35.6,A07 -> A03 -> A02 -> A05,2,4,105.0,673.5,Normal Operation
W045,ORD_0045,A02,Zone_A_FastMoving,4,773.9,812.5,38.6,A07 -> A03 -> A02 -> A05,3,4,105.0,673.5,Normal Operation
W045,ORD_0045,A05,Zone_B_EngineParts,4,842.5,877.7,35.2,A07 -> A03 -> A02 -> A05,4,4,105.0,673.5,Normal Operation
W046,ORD_0046,A02,Zone_A_FastMoving,4,694.5,727.9,33.4,A02 -> A06 -> A05 -> A12,1,4,105.0,694.5,Normal Operation
W046,ORD_0046,A06,Zone_B_EngineParts,4,742.9,784.8,41.9,A02 -> A06 -> A05 -> A12,2,4,105.0,694.5,Normal Operation
W046,ORD_0046,A05,Zone_B_EngineParts,4,799.8,858.9,59.1,A02 -> A06 -> A05 -> A12,3,4,105.0,694.5,Normal Operation
W046,ORD_0046,A12,Zone_C_Electrical,5,918.9,974.9,56.0,A02 -> A06 -> A05 -> A12,4,4,105.0,694.5,Normal Operation
W047,ORD_0047,A03,Zone_A_FastMoving,3,709.1,756.2,47.1,A03 -> A07 -> A11 -> A06,1,4,90.0,709.1,Normal Operation
W047,ORD_0047,A07,Zone_B_EngineParts,3,771.2,809.6,38.4,A03 -> A07 -> A11 -> A06,2,4,90.0,709.1,Normal Operation
W047,ORD_0047,A11,Zone_C_Electrical,4,824.6,877.7,53.1,A03 -> A07 -> A11 -> A06,3,4,90.0,709.1,Normal Operation
W047,ORD_0047,A06,Zone_B_EngineParts,4,907.7,943.3,35.6,A03 -> A07 -> A11 -> A06,4,4,90.0,709.1,Normal Operation
W048,ORD_0048,A05,Zone_B_EngineParts,4,710.4,747.7,37.3,A05 -> A06,1,2,30.0,710.4,Normal Operation
W048,ORD_0048,A06,Zone_B_EngineParts,4,762.7,796.1,33.4,A05 -> A06,2,2,30.0,710.4,Normal Operation
W049,ORD_0049,A03,Zone_A_FastMoving,3,731.9,777.9,46.0,A03 -> A07 -> A06,1,3,60.0,731.9,Normal Operation
W049,ORD_0049,A07,Zone_B_EngineParts,3,792.9,824.5,31.6,A03 -> A07 -> A06,2,3,60.0,731.9,Normal Operation
W049,ORD_0049,A06,Zone_B_EngineParts,4,839.5,879.6,40.1,A03 -> A07 -> A06,3,3,60.0,731.9,Normal Operation
W050,ORD_0050,A02,Zone_A_FastMoving,4,733.6,773.3,39.7,A02 -> A12,1,2,75.0,733.6,Normal Operation
W050,ORD_0050,A12,Zone_C_Electrical,5,833.3,887.6,54.3,A02 -> A12,2,2,75.0,733.6,Normal Operation
W051,ORD_0051,A07,Zone_B_EngineParts,3,746.9,794.8,47.9,A07 -> A08,1,2,60.0,746.9,Normal Operation
W051,ORD_0051,A08,Zone_B_EngineParts,5,809.8,853.9,44.1,A07 -> A08,2,2,60.0,746.9,Normal Operation
W052,ORD_0052,A03,Zone_A_FastMoving,3,777.6,836.6,59.0,A03 -> A11 -> A09,1,3,90.0,777.6,Normal Operation
W052,ORD_0052,A11,Zone_C_Electrical,4,866.6,900.3,33.7,A03 -> A11 -> A09,2,3,90.0,777.6,Normal Operation
W052,ORD_0052,A09,Zone_C_Electrical,4,930.3,982.2,51.9,A03 -> A11 -> A09,3,3,90.0,777.6,Normal Operation
W053,ORD_0053,A03,Zone_A_FastMoving,3,841.6,896.9,55.3,A03 -> A02 -> A08 -> A07,1,4,105.0,841.6,Normal Operation
W053,ORD_0053,A02,Zone_A_FastMoving,4,911.9,946.1,34.2,A03 -> A02 -> A08 -> A07,2,4,105.0,841.6,Normal Operation
W053,ORD_0053,A08,Zone_B_EngineParts,5,991.1,1045.0,53.9,A03 -> A02 -> A08 -> A07,3,4,105.0,841.6,Normal Operation
W053,ORD_0053,A07,Zone_B_EngineParts,3,1060.0,1096.0,36.0,A03 -> A02 -> A08 -> A07,4,4,105.0,841.6,Normal Operation
W054,ORD_0054,A03,Zone_A_FastMoving,3,853.7,903.7,50.0,A03 -> A09,1,2,90.0,853.7,Normal Operation
W054,ORD_0054,A09,Zone_C_Electrical,4,963.7,1009.4,45.7,A03 -> A09,2,2,90.0,853.7,Normal Operation
W055,ORD_0055,A10,Zone_C_Electrical,4,857.3,911.8,54.5,A10 -> A04,1,2,105.0,857.3,Normal Operation
W055,ORD_0055,A04,Zone_A_FastMoving,5,971.8,1015.0,43.2,A10 -> A04,2,2,105.0,857.3,Normal Operation
W056,ORD_0056,A05,Zone_B_EngineParts,4,862.5,914.9,52.4,A05 -> A03,1,2,60.0,862.5,Normal Operation
W056,ORD_0056,A03,Zone_A_FastMoving,3,959.9,1005.0,45.1,A05 -> A03,2,2,60.0,862.5,Normal Operation
W057,ORD_0057,A10,Zone_C_Electrical,4,886.8,933.1,46.3,A10 -> A04,1,2,105.0,886.8,Normal Operation
W057,ORD_0057,A04,Zone_A_FastMoving,5,993.1,1050.3,57.2,A10 -> A04,2,2,105.0,886.8,Normal Operation
W058,ORD_0058,A02,Zone_A_FastMoving,4,954.7,994.7,40.0,A02 -> A11 -> A07,1,3,75.0,954.7,Normal Operation
W058,ORD_0058,A11,Zone_C_Electrical,4,1039.7,1073.9,34.2,A02 -> A11 -> A07,2,3,75.0,954.7,Normal Operation
W058,ORD_0058,A07,Zone_B_EngineParts,3,1088.9,1142.7,53.8,A02 -> A11 -> A07,3,3,75.0,954.7,Normal Operation
W059,ORD_0059,A06,Zone_B_EngineParts,4,954.8,989.4,34.6,A06 -> A10 -> A08,1,3,90.0,954.8,Normal Operation
W059,ORD_0059,A10,Zone_C_Electrical,4,1004.4,1043.8,39.4,A06 -> A10 -> A08,2,3,90.0,954.8,Normal Operation
W059,ORD_0059,A08,Zone_B_EngineParts,5,1088.8,1126.3,37.5,A06 -> A10 -> A08,3,3,90.0,954.8,Normal Operation
W060,ORD_0060,A01,Zone_A_FastMoving,4,957.4,1013.7,56.3,A01 -> A07 -> A08,1,3,60.0,957.4,Normal Operation
W060,ORD_0060,A07,Zone_B_EngineParts,3,1058.7,1099.0,40.3,A01 -> A07 -> A08,2,3,60.0,957.4,Normal Operation
W060,ORD_0060,A08,Zone_B_EngineParts,5,1114.0,1168.6,54.6,A01 -> A07 -> A08,3,3,60.0,957.4,Normal Operation
W061,ORD_0061,A09,Zone_C_Electrical,4,984.1,1026.0,41.9,A09 -> A02,1,2,75.0,984.1,Normal Operation
W061,ORD_0061,A02,Zone_A_FastMoving,4,1071.0,1124.9,53.9,A09 -> A02,2,2,75.0,984.1,Normal Operation
W062,ORD_0062,A03,Zone_A_FastMoving,3,986.7,1038.3,51.6,A03 -> A07,1,2,45.0,986.7,Normal Operation
W062,ORD_0062,A07,Zone_B_EngineParts,3,1053.3,1102.5,49.2,A03 -> A07,2,2,45.0,986.7,Normal Operation
W063,ORD_0063,A07,Zone_B_EngineParts,3,989.2,1046.5,57.3,A07 -> A03 -> A02,1,3,75.0,989.2,Normal Operation
W063,ORD_0063,A03,Zone_A_FastMoving,3,1061.5,1109.0,47.5,A07 -> A03 -> A02,2,3,75.0,989.2,Normal Operation
W063,ORD_0063,A02,Zone_A_FastMoving,4,1124.0,1166.0,42.0,A07 -> A03 -> A02,3,3,75.0,989.2,Normal Operation
W064,ORD_0064,A11,Zone_C_Electrical,4,1037.3,1082.5,45.2,A11 -> A03 -> A07,1,3,105.0,1037.3,Normal Operation
W064,ORD_0064,A03,Zone_A_FastMoving,3,1112.5,1160.8,48.3,A11 -> A03 -> A07,2,3,105.0,1037.3,Normal Operation
W064,ORD_0064,A07,Zone_B_EngineParts,3,1175.8,1206.3,30.5,A11 -> A03 -> A07,3,3,105.0,1037.3,Normal Operation
W065,ORD_0065,A11,Zone_C_Electrical,4,1043.6,1090.9,47.3,A11 -> A07 -> A06 -> A02,1,4,105.0,1043.6,Normal Operation
W065,ORD_0065,A07,Zone_B_EngineParts,3,1105.9,1154.1,48.2,A11 -> A07 -> A06 -> A02,2,4,105.0,1043.6,Normal Operation
W065,ORD_0065,A06,Zone_B_EngineParts,4,1169.1,1211.8,42.7,A11 -> A07 -> A06 -> A02,3,4,105.0,1043.6,Normal Operation
W065,ORD_0065,A02,Zone_A_FastMoving,4,1226.8,1278.9,52.1,A11 -> A07 -> A06 -> A02,4,4,105.0,1043.6,Normal Operation
W066,ORD_0066,A11,Zone_C_Electrical,4,1060.0,1115.2,55.2,A11 -> A05 -> A02 -> A12,1,4,195.0,1060.0,Normal Operation
W066,ORD_0066,A05,Zone_B_EngineParts,4,1160.2,1193.9,33.7,A11 -> A05 -> A02 -> A12,2,4,195.0,1060.0,Normal Operation
W066,ORD_0066,A02,Zone_A_FastMoving,4,1223.9,1281.5,57.6,A11 -> A05 -> A02 -> A12,3,4,195.0,1060.0,Normal Operation
W066,ORD_0066,A12,Zone_C_Electrical,5,1341.5,1397.6,56.1,A11 -> A05 -> A02 -> A12,4,4,195.0,1060.0,Normal Operation
W067,ORD_0067,A07,Zone_B_EngineParts,3,1060.6,1100.7,40.1,A07 -> A04 -> A01,1,3,120.0,1060.6,Normal Operation
W067,ORD_0067,A04,Zone_A_FastMoving,5,1130.7,1184.8,54.1,A07 -> A04 -> A01,2,3,120.0,1060.6,Normal Operation
W067,ORD_0067,A01,Zone_A_FastMoving,4,1229.8,1259.9,30.1,A07 -> A04 -> A01,3,3,120.0,1060.6,Normal Operation
W068,ORD_0068,A04,Zone_A_FastMoving,5,1067.1,1124.7,57.6,A04 -> A06,1,2,90.0,1067.1,Normal Operation
W068,ORD_0068,A06,Zone_B_EngineParts,4,1169.7,1210.1,40.4,A04 -> A06,2,2,90.0,1067.1,Normal Operation
W069,ORD_0069,A07,Zone_B_EngineParts,3,1083.9,1120.6,36.7,A07 -> A05,1,2,75.0,1083.9,Normal Operation
W069,ORD_0069,A05,Zone_B_EngineParts,4,1150.6,1194.2,43.6,A07 -> A05,2,2,75.0,1083.9,Normal Operation
W070,ORD_0070,A03,Zone_A_FastMoving,3,1112.8,1155.4,42.6,A03 -> A06,1,2,60.0,1112.8,Normal Operation
W070,ORD_0070,A06,Zone_B_EngineParts,4,1185.4,1242.8,57.4,A03 -> A06,2,2,60.0,1112.8,Normal Operation
W071,ORD_0071,A07,Zone_B_EngineParts,3,1122.4,1172.3,49.9,A07 -> A01,1,2,90.0,1122.4,Normal Operation
W071,ORD_0071,A01,Zone_A_FastMoving,4,1217.3,1252.6,35.3,A07 -> A01,2,2,90.0,1122.4,Normal Operation
W072,ORD_0072,A03,Zone_A_FastMoving,3,1131.3,1176.4,45.1,A03 -> A05 -> A02 -> A12,1,4,165.0,1131.3,Normal Operation
W072,ORD_0072,A05,Zone_B_EngineParts,4,1221.4,1269.3,47.9,A03 -> A05 -> A02 -> A12,2,4,165.0,1131.3,Normal Operation
W072,ORD_0072,A02,Zone_A_FastMoving,4,1299.3,1331.3,32.0,A03 -> A05 -> A02 -> A12,3,4,165.0,1131.3,Normal Operation
W072,ORD_0072,A12,Zone_C_Electrical,5,1391.3,1443.8,52.5,A03 -> A05 -> A02 -> A12,4,4,165.0,1131.3,Normal Operation
W073,ORD_0073,A10,Zone_C_Electrical,4,1141.5,1177.2,35.7,A10 -> A03,1,2,90.0,1141.5,Normal Operation
W073,ORD_0073,A03,Zone_A_FastMoving,3,1222.2,1253.3,31.1,A10 -> A03,2,2,90.0,1141.5,Normal Operation
W074,ORD_0074,A07,Zone_B_EngineParts,3,1141.8,1185.4,43.6,A07 -> A02 -> A08,1,3,120.0,1141.8,Normal Operation
W074,ORD_0074,A02,Zone_A_FastMoving,4,1215.4,1261.1,45.7,A07 -> A02 -> A08,2,3,120.0,1141.8,Normal Operation
W074,ORD_0074,A08,Zone_B_EngineParts,5,1306.1,1349.3,43.2,A07 -> A02 -> A08,3,3,120.0,1141.8,Normal Operation
W075,ORD_0075,A07,Zone_B_EngineParts,3,1194.9,1253.3,58.4,A07 -> A03 -> A11,1,3,90.0,1194.9,Normal Operation
W075,ORD_0075,A03,Zone_A_FastMoving,3,1268.3,1309.5,41.2,A07 -> A03 -> A11,2,3,90.0,1194.9,Normal Operation
W075,ORD_0075,A11,Zone_C_Electrical,4,1339.5,1377.6,38.1,A07 -> A03 -> A11,3,3,90.0,1194.9,Normal Operation
W076,ORD_0076,A04,Zone_A_FastMoving,5,1199.4,1250.9,51.5,A04 -> A01 -> A03,1,3,120.0,1199.4,Normal Operation
W076,ORD_0076,A01,Zone_A_FastMoving,4,1295.9,1345.7,49.8,A04 -> A01 -> A03,2,3,120.0,1199.4,Normal Operation
W076,ORD_0076,A03,Zone_A_FastMoving,3,1375.7,1406.5,30.8,A04 -> A01 -> A03,3,3,120.0,1199.4,Normal Operation
W077,ORD_0077,A03,Zone_A_FastMoving,3,1216.1,1246.7,30.6,A03 -> A07,1,2,45.0,1216.1,Normal Operation
W077,ORD_0077,A07,Zone_B_EngineParts,3,1261.7,1294.8,33.1,A03 -> A07,2,2,45.0,1216.1,Normal Operation
W078,ORD_0078,A03,Zone_A_FastMoving,3,1222.0,1259.3,37.3,A03 -> A07 -> A01,1,3,90.0,1222.0,Normal Operation
W078,ORD_0078,A07,Zone_B_EngineParts,3,1274.3,1326.0,51.7,A03 -> A07 -> A01,2,3,90.0,1222.0,Normal Operation
W078,ORD_0078,A01,Zone_A_FastMoving,4,1371.0,1426.7,55.7,A03 -> A07 -> A01,3,3,90.0,1222.0,Normal Operation
W079,ORD_0079,A04,Zone_A_FastMoving,5,1299.5,1329.9,30.4,A04 -> A07 -> A03 -> A11,1,4,120.0,1299.5,Normal Operation
W079,ORD_0079,A07,Zone_B_EngineParts,3,1359.9,1392.5,32.6,A04 -> A07 -> A03 -> A11,2,4,120.0,1299.5,Normal Operation
W079,ORD_0079,A03,Zone_A_FastMoving,3,1407.5,1443.7,36.2,A04 -> A07 -> A03 -> A11,3,4,120.0,1299.5,Normal Operation
W079,ORD_0079,A11,Zone_C_Electrical,4,1473.7,1504.5,30.8,A04 -> A07 -> A03 -> A11,4,4,120.0,1299.5,Normal Operation
W080,ORD_0080,A07,Zone_B_EngineParts,3,1320.8,1377.6,56.8,A07 -> A05,1,2,75.0,1320.8,Normal Operation
W080,ORD_0080,A05,Zone_B_EngineParts,4,1407.6,1462.1,54.5,A07 -> A05,2,2,75.0,1320.8,Normal Operation
W081,ORD_0081,A03,Zone_A_FastMoving,3,1359.3,1407.0,47.7,A03 -> A04,1,2,45.0,1359.3,Normal Operation
W081,ORD_0081,A04,Zone_A_FastMoving,5,1422.0,1460.0,38.0,A03 -> A04,2,2,45.0,1359.3,Normal Operation
W082,ORD_0082,A04,Zone_A_FastMoving,5,1372.5,1411.3,38.8,A04 -> A07 -> A05,1,3,105.0,1372.5,Normal Operation
W082,ORD_0082,A07,Zone_B_EngineParts,3,1441.3,1499.8,58.5,A04 -> A07 -> A05,2,3,105.0,1372.5,Normal Operation
W082,ORD_0082,A05,Zone_B_EngineParts,4,1529.8,1582.7,52.9,A04 -> A07 -> A05,3,3,105.0,1372.5,Normal Operation
W083,ORD_0083,A10,Zone_C_Electrical,4,1386.2,1443.0,56.8,A10 -> A06,1,2,60.0,1386.2,Normal Operation
W083,ORD_0083,A06,Zone_B_EngineParts,4,1458.0,1512.0,54.0,A10 -> A06,2,2,60.0,1386.2,Normal Operation
W084,ORD_0084,A01,Zone_A_FastMoving,4,1395.0,1444.0,49.0,A01 -> A03 -> A07,1,3,45.0,1395.0,Normal Operation
W084,ORD_0084,A03,Zone_A_FastMoving,3,1474.0,1511.7,37.7,A01 -> A03 -> A07,2,3,45.0,1395.0,Normal Operation
W084,ORD_0084,A07,Zone_B_EngineParts,3,1526.7,1560.9,34.2,A01 -> A03 -> A07,3,3,45.0,1395.0,Normal Operation
W085,ORD_0085,A12,Zone_C_Electrical,5,1400.2,1457.6,57.4,A12 -> A06 -> A03 -> A01,1,4,180.0,1400.2,Normal Operation
W085,ORD_0085,A06,Zone_B_EngineParts,4,1502.6,1536.1,33.5,A12 -> A06 -> A03 -> A01,2,4,180.0,1400.2,Normal Operation
W085,ORD_0085,A03,Zone_A_FastMoving,3,1566.1,1613.4,47.3,A12 -> A06 -> A03 -> A01,3,4,180.0,1400.2,Normal Operation
W085,ORD_0085,A01,Zone_A_FastMoving,4,1643.4,1681.6,38.2,A12 -> A06 -> A03 -> A01,4,4,180.0,1400.2,Normal Operation
W086,ORD_0086,A07,Zone_B_EngineParts,3,1452.0,1482.3,30.3,A07 -> A09 -> A03,1,3,150.0,1452.0,Normal Operation
W086,ORD_0086,A09,Zone_C_Electrical,4,1527.3,1561.4,34.1,A07 -> A09 -> A03,2,3,150.0,1452.0,Normal Operation
W086,ORD_0086,A03,Zone_A_FastMoving,3,1621.4,1678.4,57.0,A07 -> A09 -> A03,3,3,150.0,1452.0,Normal Operation
W087,ORD_0087,A07,Zone_B_EngineParts,3,1454.3,1495.8,41.5,A07 -> A03 -> A12 -> A05,1,4,165.0,1454.3,Normal Operation
W087,ORD_0087,A03,Zone_A_FastMoving,3,1510.8,1556.4,45.6,A07 -> A03 -> A12 -> A05,2,4,165.0,1454.3,Normal Operation
W087,ORD_0087,A12,Zone_C_Electrical,5,1601.4,1632.8,31.4,A07 -> A03 -> A12 -> A05,3,4,165.0,1454.3,Normal Operation
W087,ORD_0087,A05,Zone_B_EngineParts,4,1692.8,1727.8,35.0,A07 -> A03 -> A12 -> A05,4,4,165.0,1454.3,Normal Operation
W088,ORD_0088,A02,Zone_A_FastMoving,4,1466.1,1507.8,41.7,A02 -> A07 -> A03,1,3,60.0,1466.1,Normal Operation
W088,ORD_0088,A07,Zone_B_EngineParts,3,1537.8,1576.5,38.7,A02 -> A07 -> A03,2,3,60.0,1466.1,Normal Operation
W088,ORD_0088,A03,Zone_A_FastMoving,3,1591.5,1632.2,40.7,A02 -> A07 -> A03,3,3,60.0,1466.1,Normal Operation
W089,ORD_0089,A03,Zone_A_FastMoving,3,1480.1,1530.0,49.9,A03 -> A07 -> A06,1,3,60.0,1480.1,Normal Operation
W089,ORD_0089,A07,Zone_B_EngineParts,3,1545.0,1603.1,58.1,A03 -> A07 -> A06,2,3,60.0,1480.1,Normal Operation
W089,ORD_0089,A06,Zone_B_EngineParts,4,1618.1,1670.1,52.0,A03 -> A07 -> A06,3,3,60.0,1480.1,Normal Operation
W090,ORD_0090,A01,Zone_A_FastMoving,4,1481.4,1529.3,47.9,A01 -> A03,1,2,30.0,1481.4,Normal Operation
W090,ORD_0090,A03,Zone_A_FastMoving,3,1559.3,1590.8,31.5,A01 -> A03,2,2,30.0,1481.4,Normal Operation
W091,ORD_0091,A07,Zone_B_EngineParts,3,1493.2,1526.4,33.2,A07 -> A03 -> A08,1,3,90.0,1493.2,Normal Operation
W091,ORD_0091,A03,Zone_A_FastMoving,3,1541.4,1573.7,32.3,A07 -> A03 -> A08,2,3,90.0,1493.2,Normal Operation
W091,ORD_0091,A08,Zone_B_EngineParts,5,1603.7,1655.5,51.8,A07 -> A03 -> A08,3,3,90.0,1493.2,Normal Operation
W092,ORD_0092,A07,Zone_B_EngineParts,3,1516.1,1570.7,54.6,A07 -> A05 -> A03,1,3,120.0,1516.1,Normal Operation
W092,ORD_0092,A05,Zone_B_EngineParts,4,1600.7,1654.7,54.0,A07 -> A05 -> A03,2,3,120.0,1516.1,Normal Operation
W092,ORD_0092,A03,Zone_A_FastMoving,3,1699.7,1750.5,50.8,A07 -> A05 -> A03,3,3,120.0,1516.1,Normal Operation
W093,ORD_0093,A07,Zone_B_EngineParts,3,1525.7,1558.4,32.7,A07 -> A04,1,2,75.0,1525.7,Normal Operation
W093,ORD_0093,A04,Zone_A_FastMoving,5,1588.4,1645.9,57.5,A07 -> A04,2,2,75.0,1525.7,Normal Operation
W094,ORD_0094,A12,Zone_C_Electrical,5,1531.5,1567.1,35.6,A12 -> A05,1,2,135.0,1531.5,Normal Operation
W094,ORD_0094,A05,Zone_B_EngineParts,4,1627.1,1673.4,46.3,A12 -> A05,2,2,135.0,1531.5,Normal Operation
W095,ORD_0095,A07,Zone_B_EngineParts,3,1540.9,1585.6,44.7,A07 -> A09 -> A10 -> A03,1,4,150.0,1540.9,Normal Operation
W095,ORD_0095,A09,Zone_C_Electrical,4,1630.6,1667.2,36.6,A07 -> A09 -> A10 -> A03,2,4,150.0,1540.9,Normal Operation
W095,ORD_0095,A10,Zone_C_Electrical,4,1682.2,1741.8,59.6,A07 -> A09 -> A10 -> A03,3,4,150.0,1540.9,Normal Operation
W095,ORD_0095,A03,Zone_A_FastMoving,3,1786.8,1845.1,58.3,A07 -> A09 -> A10 -> A03,4,4,150.0,1540.9,Normal Operation
W096,ORD_0096,A07,Zone_B_EngineParts,3,1578.6,1614.0,35.4,A07 -> A11,1,2,60.0,1578.6,Normal Operation
W096,ORD_0096,A11,Zone_C_Electrical,4,1629.0,1676.0,47.0,A07 -> A11,2,2,60.0,1578.6,Normal Operation
W097,ORD_0097,A01,Zone_A_FastMoving,4,1583.7,1642.8,59.1,A01 -> A07 -> A03 -> A11,1,4,90.0,1583.7,Normal Operation
W097,ORD_0097,A07,Zone_B_EngineParts,3,1687.8,1746.1,58.3,A01 -> A07 -> A03 -> A11,2,4,90.0,1583.7,Normal Operation
W097,ORD_0097,A03,Zone_A_FastMoving,3,1761.1,1805.3,44.2,A01 -> A07 -> A03 -> A11,3,4,90.0,1583.7,Normal Operation
W097,ORD_0097,A11,Zone_C_Electrical,4,1835.3,1891.2,55.9,A01 -> A07 -> A03 -> A11,4,4,90.0,1583.7,Normal Operation
W098,ORD_0098,A03,Zone_A_FastMoving,3,1623.0,1659.9,36.9,A03 -> A09 -> A01 -> A07,1,4,165.0,1623.0,Normal Operation
W098,ORD_0098,A09,Zone_C_Electrical,4,1719.9,1753.5,33.6,A03 -> A09 -> A01 -> A07,2,4,165.0,1623.0,Normal Operation
W098,ORD_0098,A01,Zone_A_FastMoving,4,1783.5,1815.8,32.3,A03 -> A09 -> A01 -> A07,3,4,165.0,1623.0,Normal Operation
W098,ORD_0098,A07,Zone_B_EngineParts,3,1860.8,1911.7,50.9,A03 -> A09 -> A01 -> A07,4,4,165.0,1623.0,Normal Operation
W099,ORD_0099,A07,Zone_B_EngineParts,3,1657.5,1697.0,39.5,A07 -> A02,1,2,75.0,1657.5,Normal Operation
W099,ORD_0099,A02,Zone_A_FastMoving,4,1727.0,1773.2,46.2,A07 -> A02,2,2,75.0,1657.5,Normal Operation
W100,ORD_0100,A03,Zone_A_FastMoving,3,1660.7,1709.2,48.5,A03 -> A07 -> A10,1,3,75.0,1660.7,Normal Operation
W100,ORD_0100,A07,Zone_B_EngineParts,3,1724.2,1761.2,37.0,A03 -> A07 -> A10,2,3,75.0,1660.7,Normal Operation
W100,ORD_0100,A10,Zone_C_Electrical,4,1791.2,1821.9,30.7,A03 -> A07 -> A10,3,3,75.0,1660.7,Normal Operation
W101,ORD_0101,A01,Zone_A_FastMoving,4,1705.3,1759.3,54.0,A01 -> A10 -> A06 -> A11,1,4,90.0,1705.3,Normal Operation
W101,ORD_0101,A10,Zone_C_Electrical,4,1804.3,1864.2,59.9,A01 -> A10 -> A06 -> A11,2,4,90.0,1705.3,Normal Operation
W101,ORD_0101,A06,Zone_B_EngineParts,4,1879.2,1919.7,40.5,A01 -> A10 -> A06 -> A11,3,4,90.0,1705.3,Normal Operation
W101,ORD_0101,A11,Zone_C_Electrical,4,1949.7,2002.7,53.0,A01 -> A10 -> A06 -> A11,4,4,90.0,1705.3,Normal Operation
W102,ORD_0102,A06,Zone_B_EngineParts,4,1713.2,1772.7,59.5,A06 -> A07 -> A10,1,3,75.0,1713.2,Normal Operation
W102,ORD_0102,A07,Zone_B_EngineParts,3,1787.7,1840.7,53.0,A06 -> A07 -> A10,2,3,75.0,1713.2,Normal Operation
W102,ORD_0102,A10,Zone_C_Electrical,4,1870.7,1913.2,42.5,A06 -> A07 -> A10,3,3,75.0,1713.2,Normal Operation
W103,ORD_0103,A07,Zone_B_EngineParts,3,1718.3,1758.9,40.6,A07 -> A03 -> A02,1,3,75.0,1718.3,Normal Operation
W103,ORD_0103,A03,Zone_A_FastMoving,3,1773.9,1812.5,38.6,A07 -> A03 -> A02,2,3,75.0,1718.3,Normal Operation
W103,ORD_0103,A02,Zone_A_FastMoving,4,1827.5,1866.4,38.9,A07 -> A03 -> A02,3,3,75.0,1718.3,Normal Operation
W104,ORD_0104,A01,Zone_A_FastMoving,4,1719.3,1762.1,42.8,A01 -> A12,1,2,75.0,1719.3,Normal Operation
W104,ORD_0104,A12,Zone_C_Electrical,5,1837.1,1878.6,41.5,A01 -> A12,2,2,75.0,1719.3,Normal Operation
W105,ORD_0105,A03,Zone_A_FastMoving,3,1743.2,1775.9,32.7,A03 -> A11 -> A08,1,3,90.0,1743.2,Normal Operation
W105,ORD_0105,A11,Zone_C_Electrical,4,1805.9,1848.4,42.5,A03 -> A11 -> A08,2,3,90.0,1743.2,Normal Operation
W105,ORD_0105,A08,Zone_B_EngineParts,5,1878.4,1934.8,56.4,A03 -> A11 -> A08,3,3,90.0,1743.2,Normal Operation
W106,ORD_0106,A05,Zone_B_EngineParts,4,1753.6,1790.6,37.0,A05 -> A07 -> A03 -> A12,1,4,105.0,1753.6,Normal Operation
W106,ORD_0106,A07,Zone_B_EngineParts,3,1820.6,1878.9,58.3,A05 -> A07 -> A03 -> A12,2,4,105.0,1753.6,Normal Operation
W106,ORD_0106,A03,Zone_A_FastMoving,3,1893.9,1943.4,49.5,A05 -> A07 -> A03 -> A12,3,4,105.0,1753.6,Normal Operation
W106,ORD_0106,A12,Zone_C_Electrical,5,1988.4,2036.6,48.2,A05 -> A07 -> A03 -> A12,4,4,105.0,1753.6,Normal Operation
W107,ORD_0107,A03,Zone_A_FastMoving,3,1773.3,1813.8,40.5,A03 -> A04 -> A09,1,3,120.0,1773.3,Normal Operation
W107,ORD_0107,A04,Zone_A_FastMoving,5,1828.8,1860.5,31.7,A03 -> A04 -> A09,2,3,120.0,1773.3,Normal Operation
W107,ORD_0107,A09,Zone_C_Electrical,4,1935.5,1994.6,59.1,A03 -> A04 -> A09,3,3,120.0,1773.3,Normal Operation
W108,ORD_0108,A11,Zone_C_Electrical,4,1782.3,1835.0,52.7,A11 -> A12 -> A03 -> A04,1,4,135.0,1782.3,Normal Operation
W108,ORD_0108,A12,Zone_C_Electrical,5,1850.0,1900.9,50.9,A11 -> A12 -> A03 -> A04,2,4,135.0,1782.3,Normal Operation
W108,ORD_0108,A03,Zone_A_FastMoving,3,1945.9,1980.5,34.6,A11 -> A12 -> A03 -> A04,3,4,135.0,1782.3,Normal Operation
W108,ORD_0108,A04,Zone_A_FastMoving,5,1995.5,2050.0,54.5,A11 -> A12 -> A03 -> A04,4,4,135.0,1782.3,Normal Operation
W109,ORD_0109,A03,Zone_A_FastMoving,3,1787.9,1835.7,47.8,A03 -> A06,1,2,60.0,1787.9,Normal Operation
W109,ORD_0109,A06,Zone_B_EngineParts,4,1865.7,1913.1,47.4,A03 -> A06,2,2,60.0,1787.9,Normal Operation
W110,ORD_0110,A10,Zone_C_Electrical,4,1796.8,1830.7,33.9,A10 -> A03,1,2,90.0,1796.8,Normal Operation
W110,ORD_0110,A03,Zone_A_FastMoving,3,1875.7,1932.4,56.7,A10 -> A03,2,2,90.0,1796.8,Normal Operation
W111,ORD_0111,A10,Zone_C_Electrical,4,1802.0,1844.3,42.3,A10 -> A09 -> A07 -> A02,1,4,135.0,1802.0,Normal Operation
W111,ORD_0111,A09,Zone_C_Electrical,4,1859.3,1900.5,41.2,A10 -> A09 -> A07 -> A02,2,4,135.0,1802.0,Normal Operation
W111,ORD_0111,A07,Zone_B_EngineParts,3,1945.5,1983.3,37.8,A10 -> A09 -> A07 -> A02,3,4,135.0,1802.0,Normal Operation
W111,ORD_0111,A02,Zone_A_FastMoving,4,2013.3,2065.0,51.7,A10 -> A09 -> A07 -> A02,4,4,135.0,1802.0,Normal Operation
W112,ORD_0112,A02,Zone_A_FastMoving,4,1841.4,1873.7,32.3,A02 -> A03 -> A07,1,3,45.0,1841.4,Normal Operation
W112,ORD_0112,A03,Zone_A_FastMoving,3,1888.7,1944.2,55.5,A02 -> A03 -> A07,2,3,45.0,1841.4,Normal Operation
W112,ORD_0112,A07,Zone_B_EngineParts,3,1959.2,2004.1,44.9,A02 -> A03 -> A07,3,3,45.0,1841.4,Normal Operation
W113,ORD_0113,A07,Zone_B_EngineParts,3,1862.0,1912.3,50.3,A07 -> A09 -> A03,1,3,150.0,1862.0,Normal Operation
W113,ORD_0113,A09,Zone_C_Electrical,4,1957.3,2004.3,47.0,A07 -> A09 -> A03,2,3,150.0,1862.0,Normal Operation
W113,ORD_0113,A03,Zone_A_FastMoving,3,2064.3,2102.3,38.0,A07 -> A09 -> A03,3,3,150.0,1862.0,Normal Operation
W114,ORD_0114,A08,Zone_B_EngineParts,5,1864.2,1919.3,55.1,A08 -> A07 -> A10 -> A06,1,4,120.0,1864.2,Normal Operation
W114,ORD_0114,A07,Zone_B_EngineParts,3,1934.3,1985.2,50.9,A08 -> A07 -> A10 -> A06,2,4,120.0,1864.2,Normal Operation
W114,ORD_0114,A10,Zone_C_Electrical,4,2015.2,2065.6,50.4,A08 -> A07 -> A10 -> A06,3,4,120.0,1864.2,Normal Operation
W114,ORD_0114,A06,Zone_B_EngineParts,4,2080.6,2129.2,48.6,A08 -> A07 -> A10 -> A06,4,4,120.0,1864.2,Normal Operation
W115,ORD_0115,A03,Zone_A_FastMoving,3,1903.2,1958.0,54.8,A03 -> A10 -> A01,1,3,120.0,1903.2,Normal Operation
W115,ORD_0115,A10,Zone_C_Electrical,4,2003.0,2036.9,33.9,A03 -> A10 -> A01,2,3,120.0,1903.2,Normal Operation
W115,ORD_0115,A01,Zone_A_FastMoving,4,2081.9,2122.0,40.1,A03 -> A10 -> A01,3,3,120.0,1903.2,Normal Operation
W116,ORD_0116,A03,Zone_A_FastMoving,3,1907.7,1937.9,30.2,A03 -> A09 -> A07,1,3,135.0,1907.7,Normal Operation
W116,ORD_0116,A09,Zone_C_Electrical,4,1997.9,2036.5,38.6,A03 -> A09 -> A07,2,3,135.0,1907.7,Normal Operation
W116,ORD_0116,A07,Zone_B_EngineParts,3,2081.5,2130.0,48.5,A03 -> A09 -> A07,3,3,135.0,1907.7,Normal Operation
W117,ORD_0117,A07,Zone_B_EngineParts,3,1923.9,1957.1,33.2,A07 -> A03 -> A06 -> A10,1,4,105.0,1923.9,Normal Operation
W117,ORD_0117,A03,Zone_A_FastMoving,3,1972.1,2024.9,52.8,A07 -> A03 -> A06 -> A10,2,4,105.0,1923.9,Normal Operation
W117,ORD_0117,A06,Zone_B_EngineParts,4,2054.9,2101.1,46.2,A07 -> A03 -> A06 -> A10,3,4,105.0,1923.9,Normal Operation
W117,ORD_0117,A10,Zone_C_Electrical,4,2116.1,2175.0,58.9,A07 -> A03 -> A06 -> A10,4,4,105.0,1923.9,Normal Operation
W118,ORD_0118,A07,Zone_B_EngineParts,3,1939.6,1972.7,33.1,A07 -> A11,1,2,60.0,1939.6,Normal Operation
W118,ORD_0118,A11,Zone_C_Electrical,4,1987.7,2045.8,58.1,A07 -> A11,2,2,60.0,1939.6,Normal Operation
W119,ORD_0119,A02,Zone_A_FastMoving,4,1946.2,1978.2,32.0,A02 -> A03 -> A07,1,3,45.0,1946.2,Normal Operation
W119,ORD_0119,A03,Zone_A_FastMoving,3,1993.2,2040.7,47.5,A02 -> A03 -> A07,2,3,45.0,1946.2,Normal Operation
W119,ORD_0119,A07,Zone_B_EngineParts,3,2055.7,2096.1,40.4,A02 -> A03 -> A07,3,3,45.0,1946.2,Normal Operation
W120,ORD_0120,A01,Zone_A_FastMoving,4,1963.2,2022.3,59.1,A01 -> A10 -> A12,1,3,75.0,1963.2,Normal Operation
W120,ORD_0120,A10,Zone_C_Electrical,4,2067.3,2119.8,52.5,A01 -> A10 -> A12,2,3,75.0,1963.2,Normal Operation
W120,ORD_0120,A12,Zone_C_Electrical,5,2149.8,2183.7,33.9,A01 -> A10 -> A12,3,3,75.0,1963.2,Normal Operation
W001,ORD_0121,A01,Zone_A_FastMoving,4,1976.5,2029.6,53.1,A01 -> A03 -> A07,1,3,45.0,1976.5,Normal Operation
W001,ORD_0121,A03,Zone_A_FastMoving,3,2059.6,2110.1,50.5,A01 -> A03 -> A07,2,3,45.0,1976.5,Normal Operation
W001,ORD_0121,A07,Zone_B_EngineParts,3,2125.1,2168.5,43.4,A01 -> A03 -> A07,3,3,45.0,1976.5,Normal Operation
W002,ORD_0122,A12,Zone_C_Electrical,5,1978.0,2021.5,43.5,A12 -> A05,1,2,135.0,1978.0,Normal Operation
W002,ORD_0122,A05,Zone_B_EngineParts,4,2081.5,2116.4,34.9,A12 -> A05,2,2,135.0,1978.0,Normal Operation
W003,ORD_0123,A07,Zone_B_EngineParts,3,1990.1,2040.5,50.4,A07 -> A03 -> A02,1,3,75.0,1990.1,Normal Operation
W003,ORD_0123,A03,Zone_A_FastMoving,3,2055.5,2105.1,49.6,A07 -> A03 -> A02,2,3,75.0,1990.1,Normal Operation
W003,ORD_0123,A02,Zone_A_FastMoving,4,2120.1,2158.3,38.2,A07 -> A03 -> A02,3,3,75.0,1990.1,Normal Operation
W004,ORD_0124,A03,Zone_A_FastMoving,3,1991.0,2032.9,41.9,A03 -> A05 -> A11 -> A07,1,4,135.0,1991.0,Normal Operation
W004,ORD_0124,A05,Zone_B_EngineParts,4,2077.9,2116.1,38.2,A03 -> A05 -> A11 -> A07,2,4,135.0,1991.0,Normal Operation
W004,ORD_0124,A11,Zone_C_Electrical,4,2161.1,2220.6,59.5,A03 -> A05 -> A11 -> A07,3,4,135.0,1991.0,Normal Operation
W004,ORD_0124,A07,Zone_B_EngineParts,3,2235.6,2277.9,42.3,A03 -> A05 -> A11 -> A07,4,4,135.0,1991.0,Normal Operation
W005,ORD_0125,A03,Zone_A_FastMoving,3,1991.4,2047.3,55.9,A03 -> A01 -> A07 -> A06,1,4,120.0,1991.4,Normal Operation
W005,ORD_0125,A01,Zone_A_FastMoving,4,2077.3,2121.5,44.2,A03 -> A01 -> A07 -> A06,2,4,120.0,1991.4,Normal Operation
W005,ORD_0125,A07,Zone_B_EngineParts,3,2166.5,2225.5,59.0,A03 -> A01 -> A07 -> A06,3,4,120.0,1991.4,Normal Operation
W005,ORD_0125,A06,Zone_B_EngineParts,4,2240.5,2276.1,35.6,A03 -> A01 -> A07 -> A06,4,4,120.0,1991.4,Normal Operation
W006,ORD_0126,A08,Zone_B_EngineParts,5,2025.1,2056.1,31.0,A08 -> A09 -> A07 -> A02,1,4,195.0,2025.1,Normal Operation
W006,ORD_0126,A09,Zone_C_Electrical,4,2116.1,2173.7,57.6,A08 -> A09 -> A07 -> A02,2,4,195.0,2025.1,Normal Operation
W006,ORD_0126,A07,Zone_B_EngineParts,3,2218.7,2267.2,48.5,A08 -> A09 -> A07 -> A02,3,4,195.0,2025.1,Normal Operation
W006,ORD_0126,A02,Zone_A_FastMoving,4,2297.2,2351.1,53.9,A08 -> A09 -> A07 -> A02,4,4,195.0,2025.1,Normal Operation
W007,ORD_0127,A02,Zone_A_FastMoving,4,2066.2,2102.2,36.0,A02 -> A07 -> A04,1,3,75.0,2066.2,Normal Operation
W007,ORD_0127,A07,Zone_B_EngineParts,3,2132.2,2176.9,44.7,A02 -> A07 -> A04,2,3,75.0,2066.2,Normal Operation
W007,ORD_0127,A04,Zone_A_FastMoving,5,2206.9,2238.8,31.9,A02 -> A07 -> A04,3,3,75.0,2066.2,Normal Operation
W008,ORD_0128,A03,Zone_A_FastMoving,3,2068.5,2098.8,30.3,A03 -> A08 -> A07,1,3,75.0,2068.5,Normal Operation
W008,ORD_0128,A08,Zone_B_EngineParts,5,2128.8,2161.0,32.2,A03 -> A08 -> A07,2,3,75.0,2068.5,Normal Operation
W008,ORD_0128,A07,Zone_B_EngineParts,3,2176.0,2217.8,41.8,A03 -> A08 -> A07,3,3,75.0,2068.5,Normal Operation
W009,ORD_0129,A07,Zone_B_EngineParts,3,2074.9,2128.3,53.4,A07 -> A03 -> A11,1,3,90.0,2074.9,Normal Operation
W009,ORD_0129,A03,Zone_A_FastMoving,3,2143.3,2174.5,31.2,A07 -> A03 -> A11,2,3,90.0,2074.9,Normal Operation
W009,ORD_0129,A11,Zone_C_Electrical,4,2204.5,2248.9,44.4,A07 -> A03 -> A11,3,3,90.0,2074.9,Normal Operation
W010,ORD_0130,A03,Zone_A_FastMoving,3,2087.3,2121.6,34.3,A03 -> A12,1,2,75.0,2087.3,Normal Operation
W010,ORD_0130,A12,Zone_C_Electrical,5,2166.6,2211.6,45.0,A03 -> A12,2,2,75.0,2087.3,Normal Operation
W011,ORD_0131,A07,Zone_B_EngineParts,3,2137.2,2182.7,45.5,A07 -> A01 -> A03,1,3,120.0,2137.2,Normal Operation
W011,ORD_0131,A01,Zone_A_FastMoving,4,2227.7,2260.3,32.6,A07 -> A01 -> A03,2,3,120.0,2137.2,Normal Operation
W011,ORD_0131,A03,Zone_A_FastMoving,3,2290.3,2330.8,40.5,A07 -> A01 -> A03,3,3,120.0,2137.2,Normal Operation
W012,ORD_0132,A02,Zone_A_FastMoving,4,2178.6,2212.6,34.0,A02 -> A04,1,2,45.0,2178.6,Normal Operation
W012,ORD_0132,A04,Zone_A_FastMoving,5,2242.6,2289.6,47.0,A02 -> A04,2,2,45.0,2178.6,Normal Operation
W013,ORD_0133,A09,Zone_C_Electrical,4,2183.3,2232.4,49.1,A09 -> A03 -> A02,1,3,105.0,2183.3,Normal Operation
W013,ORD_0133,A03,Zone_A_FastMoving,3,2292.4,2343.6,51.2,A09 -> A03 -> A02,2,3,105.0,2183.3,Normal Operation
W013,ORD_0133,A02,Zone_A_FastMoving,4,2358.6,2389.5,30.9,A09 -> A03 -> A02,3,3,105.0,2183.3,Normal Operation
W014,ORD_0134,A01,Zone_A_FastMoving,4,2193.8,2247.9,54.1,A01 -> A07 -> A10 -> A08,1,4,120.0,2193.8,Normal Operation
W014,ORD_0134,A07,Zone_B_EngineParts,3,2292.9,2333.1,40.2,A01 -> A07 -> A10 -> A08,2,4,120.0,2193.8,Normal Operation
W014,ORD_0134,A10,Zone_C_Electrical,4,2363.1,2417.5,54.4,A01 -> A07 -> A10 -> A08,3,4,120.0,2193.8,Normal Operation
W014,ORD_0134,A08,Zone_B_EngineParts,5,2462.5,2494.9,32.4,A01 -> A07 -> A10 -> A08,4,4,120.0,2193.8,Normal Operation
W015,ORD_0135,A07,Zone_B_EngineParts,3,2200.1,2252.0,51.9,A07 -> A09 -> A05 -> A04,1,4,165.0,2200.1,Normal Operation
W015,ORD_0135,A09,Zone_C_Electrical,4,2297.0,2329.4,32.4,A07 -> A09 -> A05 -> A04,2,4,165.0,2200.1,Normal Operation
W015,ORD_0135,A05,Zone_B_EngineParts,4,2344.4,2376.2,31.8,A07 -> A09 -> A05 -> A04,3,4,165.0,2200.1,Normal Operation
W015,ORD_0135,A04,Zone_A_FastMoving,5,2436.2,2473.6,37.4,A07 -> A09 -> A05 -> A04,4,4,165.0,2200.1,Normal Operation
W016,ORD_0136,A10,Zone_C_Electrical,4,2204.4,2263.7,59.3,A10 -> A03,1,2,90.0,2204.4,Normal Operation
W016,ORD_0136,A03,Zone_A_FastMoving,3,2308.7,2348.8,40.1,A10 -> A03,2,2,90.0,2204.4,Normal Operation
W017,ORD_0137,A08,Zone_B_EngineParts,5,2225.4,2270.3,44.9,A08 -> A07,1,2,75.0,2225.4,Normal Operation
W017,ORD_0137,A07,Zone_B_EngineParts,3,2285.3,2332.0,46.7,A08 -> A07,2,2,75.0,2225.4,Normal Operation
W018,ORD_0138,A03,Zone_A_FastMoving,3,2242.1,2278.1,36.0,A03 -> A12 -> A07,1,3,105.0,2242.1,Normal Operation
W018,ORD_0138,A12,Zone_C_Electrical,5,2323.1,2373.5,50.4,A03 -> A12 -> A07,2,3,105.0,2242.1,Normal Operation
W018,ORD_0138,A07,Zone_B_EngineParts,3,2403.5,2435.7,32.2,A03 -> A12 -> A07,3,3,105.0,2242.1,Normal Operation
W019,ORD_0139,A03,Zone_A_FastMoving,3,2250.4,2306.4,56.0,A03 -> A05,1,2,75.0,2250.4,Normal Operation
W019,ORD_0139,A05,Zone_B_EngineParts,4,2351.4,2403.2,51.8,A03 -> A05,2,2,75.0,2250.4,Normal Operation
W020,ORD_0140,A05,Zone_B_EngineParts,4,2250.8,2310.4,59.6,A05 -> A03 -> A04,1,3,75.0,2250.8,Normal Operation
W020,ORD_0140,A03,Zone_A_FastMoving,3,2355.4,2386.6,31.2,A05 -> A03 -> A04,2,3,75.0,2250.8,Normal Operation
W020,ORD_0140,A04,Zone_A_FastMoving,5,2401.6,2457.6,56.0,A05 -> A03 -> A04,3,3,75.0,2250.8,Normal Operation
W021,ORD_0141,A05,Zone_B_EngineParts,4,2265.4,2321.6,56.2,A05 -> A07 -> A06,1,3,60.0,2265.4,Normal Operation
W021,ORD_0141,A07,Zone_B_EngineParts,3,2351.6,2408.6,57.0,A05 -> A07 -> A06,2,3,60.0,2265.4,Normal Operation
W021,ORD_0141,A06,Zone_B_EngineParts,4,2423.6,2466.3,42.7,A05 -> A07 -> A06,3,3,60.0,2265.4,Normal Operation
W022,ORD_0142,A07,Zone_B_EngineParts,3,2292.2,2328.5,36.3,A07 -> A11,1,2,60.0,2292.2,Normal Operation
W022,ORD_0142,A11,Zone_C_Electrical,4,2343.5,2392.2,48.7,A07 -> A11,2,2,60.0,2292.2,Normal Operation
W023,ORD_0143,A07,Zone_B_EngineParts,3,2292.6,2328.0,35.4,A07 -> A02 -> A11,1,3,120.0,2292.6,Normal Operation
W023,ORD_0143,A02,Zone_A_FastMoving,4,2358.0,2395.1,37.1,A07 -> A02 -> A11,2,3,120.0,2292.6,Normal Operation
W023,ORD_0143,A11,Zone_C_Electrical,4,2440.1,2499.2,59.1,A07 -> A02 -> A11,3,3,120.0,2292.6,Normal Operation
W024,ORD_0144,A10,Zone_C_Electrical,4,2298.6,2336.0,37.4,A10 -> A06,1,2,60.0,2298.6,Normal Operation
W024,ORD_0144,A06,Zone_B_EngineParts,4,2351.0,2407.1,56.1,A10 -> A06,2,2,60.0,2298.6,Normal Operation
W025,ORD_0145,A06,Zone_B_EngineParts,4,2356.8,2391.7,34.9,A06 -> A03 -> A07,1,3,75.0,2356.8,Normal Operation
W025,ORD_0145,A03,Zone_A_FastMoving,3,2421.7,2463.4,41.7,A06 -> A03 -> A07,2,3,75.0,2356.8,Normal Operation
W025,ORD_0145,A07,Zone_B_EngineParts,3,2478.4,2537.5,59.1,A06 -> A03 -> A07,3,3,75.0,2356.8,Normal Operation
W026,ORD_0146,A07,Zone_B_EngineParts,3,2366.8,2420.0,53.2,A07 -> A03,1,2,60.0,2366.8,Normal Operation
W026,ORD_0146,A03,Zone_A_FastMoving,3,2435.0,2468.9,33.9,A07 -> A03,2,2,60.0,2366.8,Normal Operation
W027,ORD_0147,A05,Zone_B_EngineParts,4,2378.7,2418.8,40.1,A05 -> A03 -> A02 -> A07,1,4,105.0,2378.7,Normal Operation
W027,ORD_0147,A03,Zone_A_FastMoving,3,2463.8,2518.7,54.9,A05 -> A03 -> A02 -> A07,2,4,105.0,2378.7,Normal Operation
W027,ORD_0147,A02,Zone_A_FastMoving,4,2533.7,2576.6,42.9,A05 -> A03 -> A02 -> A07,3,4,105.0,2378.7,Normal Operation
W027,ORD_0147,A07,Zone_B_EngineParts,3,2606.6,2644.1,37.5,A05 -> A03 -> A02 -> A07,4,4,105.0,2378.7,Normal Operation
W028,ORD_0148,A07,Zone_B_EngineParts,3,2405.8,2457.9,52.1,A07 -> A03 -> A01,1,3,90.0,2405.8,Normal Operation
W028,ORD_0148,A03,Zone_A_FastMoving,3,2472.9,2522.8,49.9,A07 -> A03 -> A01,2,3,90.0,2405.8,Normal Operation
W028,ORD_0148,A01,Zone_A_FastMoving,4,2552.8,2597.0,44.2,A07 -> A03 -> A01,3,3,90.0,2405.8,Normal Operation
W029,ORD_0149,A09,Zone_C_Electrical,4,2438.8,2472.2,33.4,A09 -> A07 -> A10 -> A03,1,4,150.0,2438.8,Normal Operation
W029,ORD_0149,A07,Zone_B_EngineParts,3,2517.2,2555.3,38.1,A09 -> A07 -> A10 -> A03,2,4,150.0,2438.8,Normal Operation
W029,ORD_0149,A10,Zone_C_Electrical,4,2585.3,2617.0,31.7,A09 -> A07 -> A10 -> A03,3,4,150.0,2438.8,Normal Operation
W029,ORD_0149,A03,Zone_A_FastMoving,3,2662.0,2707.9,45.9,A09 -> A07 -> A10 -> A03,4,4,150.0,2438.8,Normal Operation
W030,ORD_0150,A01,Zone_A_FastMoving,4,2502.8,2542.3,39.5,A01 -> A02 -> A05 -> A11,1,4,90.0,2502.8,Normal Operation
W030,ORD_0150,A02,Zone_A_FastMoving,4,2557.3,2602.5,45.2,A01 -> A02 -> A05 -> A11,2,4,90.0,2502.8,Normal Operation
W030,ORD_0150,A05,Zone_B_EngineParts,4,2632.5,2663.7,31.2,A01 -> A02 -> A05 -> A11,3,4,90.0,2502.8,Normal Operation
W030,ORD_0150,A11,Zone_C_Electrical,4,2708.7,2743.2,34.5,A01 -> A02 -> A05 -> A11,4,4,90.0,2502.8,Normal Operation
W031,ORD_0151,A12,Zone_C_Electrical,5,2511.5,2555.1,43.6,A12 -> A01 -> A07 -> A10,1,4,225.0,2511.5,Normal Operation
W031,ORD_0151,A01,Zone_A_FastMoving,4,2630.1,2675.6,45.5,A12 -> A01 -> A07 -> A10,2,4,225.0,2511.5,Normal Operation
W031,ORD_0151,A07,Zone_B_EngineParts,3,2720.6,2765.3,44.7,A12 -> A01 -> A07 -> A10,3,4,225.0,2511.5,Normal Operation
W031,ORD_0151,A10,Zone_C_Electrical,4,2795.3,2845.3,50.0,A12 -> A01 -> A07 -> A10,4,4,225.0,2511.5,Normal Operation
W032,ORD_0152,A01,Zone_A_FastMoving,4,2554.6,2605.7,51.1,A01 -> A03,1,2,30.0,2554.6,Normal Operation
W032,ORD_0152,A03,Zone_A_FastMoving,3,2635.7,2671.8,36.1,A01 -> A03,2,2,30.0,2554.6,Normal Operation
W033,ORD_0153,A12,Zone_C_Electrical,5,2568.0,2611.3,43.3,A12 -> A02 -> A07,1,3,165.0,2568.0,Normal Operation
W033,ORD_0153,A02,Zone_A_FastMoving,4,2671.3,2727.3,56.0,A12 -> A02 -> A07,2,3,165.0,2568.0,Normal Operation
W033,ORD_0153,A07,Zone_B_EngineParts,3,2757.3,2792.6,35.3,A12 -> A02 -> A07,3,3,165.0,2568.0,Normal Operation
W034,ORD_0154,A09,Zone_C_Electrical,4,2613.9,2658.8,44.9,A09 -> A11 -> A07,1,3,75.0,2613.9,Normal Operation
W034,ORD_0154,A11,Zone_C_Electrical,4,2688.8,2737.3,48.5,A09 -> A11 -> A07,2,3,75.0,2613.9,Normal Operation
W034,ORD_0154,A07,Zone_B_EngineParts,3,2752.3,2808.4,56.1,A09 -> A11 -> A07,3,3,75.0,2613.9,Normal Operation
W035,ORD_0155,A01,Zone_A_FastMoving,4,2616.6,2666.9,50.3,A01 -> A11 -> A07,1,3,75.0,2616.6,Normal Operation
W035,ORD_0155,A11,Zone_C_Electrical,4,2726.9,2763.4,36.5,A01 -> A11 -> A07,2,3,75.0,2616.6,Normal Operation
W035,ORD_0155,A07,Zone_B_EngineParts,3,2778.4,2828.2,49.8,A01 -> A11 -> A07,3,3,75.0,2616.6,Normal Operation
W036,ORD_0156,A07,Zone_B_EngineParts,3,2620.5,2670.2,49.7,A07 -> A02,1,2,75.0,2620.5,Normal Operation
W036,ORD_0156,A02,Zone_A_FastMoving,4,2700.2,2760.2,60.0,A07 -> A02,2,2,75.0,2620.5,Normal Operation
W037,ORD_0157,A12,Zone_C_Electrical,5,2643.5,2699.6,56.1,A12 -> A04,1,2,105.0,2643.5,Normal Operation
W037,ORD_0157,A04,Zone_A_FastMoving,5,2729.6,2783.1,53.5,A12 -> A04,2,2,105.0,2643.5,Normal Operation
W038,ORD_0158,A07,Zone_B_EngineParts,3,2655.2,2695.0,39.8,A07 -> A10 -> A04,1,3,135.0,2655.2,Normal Operation
W038,ORD_0158,A10,Zone_C_Electrical,4,2725.0,2775.0,50.0,A07 -> A10 -> A04,2,3,135.0,2655.2,Normal Operation
W038,ORD_0158,A04,Zone_A_FastMoving,5,2835.0,2889.2,54.2,A07 -> A10 -> A04,3,3,135.0,2655.2,Normal Operation
W039,ORD_0159,A08,Zone_B_EngineParts,5,2686.5,2720.1,33.6,A08 -> A05 -> A09,1,3,120.0,2686.5,Normal Operation
W039,ORD_0159,A05,Zone_B_EngineParts,4,2765.1,2811.4,46.3,A08 -> A05 -> A09,2,3,120.0,2686.5,Normal Operation
W039,ORD_0159,A09,Zone_C_Electrical,4,2826.4,2856.6,30.2,A08 -> A05 -> A09,3,3,120.0,2686.5,Normal Operation
W040,ORD_0160,A04,Zone_A_FastMoving,5,2693.7,2735.4,41.7,A04 -> A07,1,2,75.0,2693.7,Normal Operation
W040,ORD_0160,A07,Zone_B_EngineParts,3,2765.4,2808.9,43.5,A04 -> A07,2,2,75.0,2693.7,Normal Operation
W041,ORD_0161,A04,Zone_A_FastMoving,5,2791.1,2823.3,32.2,A04 -> A03,1,2,60.0,2791.1,Normal Operation
W041,ORD_0161,A03,Zone_A_FastMoving,3,2838.3,2886.4,48.1,A04 -> A03,2,2,60.0,2791.1,Normal Operation
W042,ORD_0162,A07,Zone_B_EngineParts,3,2849.5,2905.4,55.9,A07 -> A05 -> A04,1,3,135.0,2849.5,Normal Operation
W042,ORD_0162,A05,Zone_B_EngineParts,4,2935.4,2981.0,45.6,A07 -> A05 -> A04,2,3,135.0,2849.5,Normal Operation
W042,ORD_0162,A04,Zone_A_FastMoving,5,3041.0,3085.4,44.4,A07 -> A05 -> A04,3,3,135.0,2849.5,Normal Operation
W043,ORD_0163,A03,Zone_A_FastMoving,3,2890.0,2932.0,42.0,A03 -> A04,1,2,45.0,2890.0,Normal Operation
W043,ORD_0163,A04,Zone_A_FastMoving,5,2947.0,2994.4,47.4,A03 -> A04,2,2,45.0,2890.0,Normal Operation
W044,ORD_0164,A07,Zone_B_EngineParts,3,2897.6,2949.1,51.5,A07 -> A08 -> A09,1,3,120.0,2897.6,Normal Operation
W044,ORD_0164,A08,Zone_B_EngineParts,5,2964.1,3022.8,58.7,A07 -> A08 -> A09,2,3,120.0,2897.6,Normal Operation
W044,ORD_0164,A09,Zone_C_Electrical,4,3082.8,3113.3,30.5,A07 -> A08 -> A09,3,3,120.0,2897.6,Normal Operation
W045,ORD_0165,A01,Zone_A_FastMoving,4,2901.9,2958.8,56.9,A01 -> A07,1,2,45.0,2901.9,Normal Operation
W045,ORD_0165,A07,Zone_B_EngineParts,3,3003.8,3041.1,37.3,A01 -> A07,2,2,45.0,2901.9,Normal Operation
W046,ORD_0166,A02,Zone_A_FastMoving,4,2995.5,3033.2,37.7,A02 -> A11 -> A03 -> A07,1,4,105.0,2995.5,Normal Operation
W046,ORD_0166,A11,Zone_C_Electrical,4,3078.2,3116.7,38.5,A02 -> A11 -> A03 -> A07,2,4,105.0,2995.5,Normal Operation
W046,ORD_0166,A03,Zone_A_FastMoving,3,3146.7,3185.9,39.2,A02 -> A11 -> A03 -> A07,3,4,105.0,2995.5,Normal Operation
W046,ORD_0166,A07,Zone_B_EngineParts,3,3200.9,3255.0,54.1,A02 -> A11 -> A03 -> A07,4,4,105.0,2995.5,Normal Operation
W047,ORD_0167,A03,Zone_A_FastMoving,3,3008.7,3051.1,42.4,A03 -> A07 -> A04,1,3,75.0,3008.7,Normal Operation
W047,ORD_0167,A07,Zone_B_EngineParts,3,3066.1,3099.8,33.7,A03 -> A07 -> A04,2,3,75.0,3008.7,Normal Operation
W047,ORD_0167,A04,Zone_A_FastMoving,5,3129.8,3165.2,35.4,A03 -> A07 -> A04,3,3,75.0,3008.7,Normal Operation
W048,ORD_0168,A03,Zone_A_FastMoving,3,3014.2,3047.4,33.2,A03 -> A06 -> A07,1,3,75.0,3014.2,Normal Operation
W048,ORD_0168,A06,Zone_B_EngineParts,4,3077.4,3124.4,47.0,A03 -> A06 -> A07,2,3,75.0,3014.2,Normal Operation
W048,ORD_0168,A07,Zone_B_EngineParts,3,3139.4,3177.1,37.7,A03 -> A06 -> A07,3,3,75.0,3014.2,Normal Operation
W049,ORD_0169,A06,Zone_B_EngineParts,4,3022.0,3071.0,49.0,A06 -> A09 -> A07 -> A01,1,4,150.0,3022.0,Normal Operation
W049,ORD_0169,A09,Zone_C_Electrical,4,3101.0,3159.5,58.5,A06 -> A09 -> A07 -> A01,2,4,150.0,3022.0,Normal Operation
W049,ORD_0169,A07,Zone_B_EngineParts,3,3204.5,3252.5,48.0,A06 -> A09 -> A07 -> A01,3,4,150.0,3022.0,Normal Operation
W049,ORD_0169,A01,Zone_A_FastMoving,4,3297.5,3352.1,54.6,A06 -> A09 -> A07 -> A01,4,4,150.0,3022.0,Normal Operation
W050,ORD_0170,A03,Zone_A_FastMoving,3,3030.5,3087.5,57.0,A03 -> A07 -> A05 -> A11,1,4,120.0,3030.5,Normal Operation
W050,ORD_0170,A07,Zone_B_EngineParts,3,3102.5,3143.1,40.6,A03 -> A07 -> A05 -> A11,2,4,120.0,3030.5,Normal Operation
W050,ORD_0170,A05,Zone_B_EngineParts,4,3173.1,3210.2,37.1,A03 -> A07 -> A05 -> A11,3,4,120.0,3030.5,Normal Operation
W050,ORD_0170,A11,Zone_C_Electrical,4,3255.2,3308.6,53.4,A03 -> A07 -> A05 -> A11,4,4,120.0,3030.5,Normal Operation
W051,ORD_0171,A09,Zone_C_Electrical,4,3043.2,3093.2,50.0,A09 -> A05,1,2,45.0,3043.2,Normal Operation
W051,ORD_0171,A05,Zone_B_EngineParts,4,3108.2,3141.1,32.9,A09 -> A05,2,2,45.0,3043.2,Normal Operation
W052,ORD_0172,A05,Zone_B_EngineParts,4,3069.3,3121.4,52.1,A05 -> A07 -> A03,1,3,60.0,3069.3,Normal Operation
W052,ORD_0172,A07,Zone_B_EngineParts,3,3151.4,3207.3,55.9,A05 -> A07 -> A03,2,3,60.0,3069.3,Normal Operation
W052,ORD_0172,A03,Zone_A_FastMoving,3,3222.3,3258.8,36.5,A05 -> A07 -> A03,3,3,60.0,3069.3,Normal Operation
W053,ORD_0173,A01,Zone_A_FastMoving,4,3076.1,3124.3,48.2,A01 -> A07,1,2,45.0,3076.1,Normal Operation
W053,ORD_0173,A07,Zone_B_EngineParts,3,3169.3,3215.7,46.4,A01 -> A07,2,2,45.0,3076.1,Normal Operation
W054,ORD_0174,A04,Zone_A_FastMoving,5,3076.4,3121.3,44.9,A04 -> A07,1,2,75.0,3076.4,Normal Operation
W054,ORD_0174,A07,Zone_B_EngineParts,3,3151.3,3210.9,59.6,A04 -> A07,2,2,75.0,3076.4,Normal Operation
W055,ORD_0175,A07,Zone_B_EngineParts,3,3112.5,3155.3,42.8,A07 -> A04,1,2,75.0,3112.5,Normal Operation
W055,ORD_0175,A04,Zone_A_FastMoving,5,3185.3,3236.8,51.5,A07 -> A04,2,2,75.0,3112.5,Normal Operation
W056,ORD_0176,A12,Zone_C_Electrical,5,3125.8,3173.2,47.4,A12 -> A02 -> A07,1,3,165.0,3125.8,Normal Operation
W056,ORD_0176,A02,Zone_A_FastMoving,4,3233.2,3271.4,38.2,A12 -> A02 -> A07,2,3,165.0,3125.8,Normal Operation
W056,ORD_0176,A07,Zone_B_EngineParts,3,3301.4,3333.8,32.4,A12 -> A02 -> A07,3,3,165.0,3125.8,Normal Operation
W057,ORD_0177,A10,Zone_C_Electrical,4,3129.4,3169.1,39.7,A10 -> A03,1,2,90.0,3129.4,Normal Operation
W057,ORD_0177,A03,Zone_A_FastMoving,3,3214.1,3250.9,36.8,A10 -> A03,2,2,90.0,3129.4,Normal Operation
W058,ORD_0178,A02,Zone_A_FastMoving,4,3134.0,3166.0,32.0,A02 -> A06,1,2,30.0,3134.0,Normal Operation
W058,ORD_0178,A06,Zone_B_EngineParts,4,3181.0,3235.0,54.0,A02 -> A06,2,2,30.0,3134.0,Normal Operation
W059,ORD_0179,A07,Zone_B_EngineParts,3,3147.1,3196.6,49.5,A07 -> A10,1,2,75.0,3147.1,Normal Operation
W059,ORD_0179,A10,Zone_C_Electrical,4,3226.6,3272.6,46.0,A07 -> A10,2,2,75.0,3147.1,Normal Operation
W060,ORD_0180,A03,Zone_A_FastMoving,3,3159.8,3219.6,59.8,A03 -> A07,1,2,45.0,3159.8,Normal Operation
W060,ORD_0180,A07,Zone_B_EngineParts,3,3234.6,3284.5,49.9,A03 -> A07,2,2,45.0,3159.8,Normal Operation
W061,ORD_0181,A07,Zone_B_EngineParts,3,3172.2,3219.1,46.9,A07 -> A05 -> A02,1,3,105.0,3172.2,Normal Operation
W061,ORD_0181,A05,Zone_B_EngineParts,4,3249.1,3307.8,58.7,A07 -> A05 -> A02,2,3,105.0,3172.2,Normal Operation
W061,ORD_0181,A02,Zone_A_FastMoving,4,3337.8,3373.1,35.3,A07 -> A05 -> A02,3,3,105.0,3172.2,Normal Operation
W062,ORD_0182,A03,Zone_A_FastMoving,3,3175.0,3218.5,43.5,A03 -> A06 -> A02,1,3,75.0,3175.0,Normal Operation
W062,ORD_0182,A06,Zone_B_EngineParts,4,3248.5,3301.2,52.7,A03 -> A06 -> A02,2,3,75.0,3175.0,Normal Operation
W062,ORD_0182,A02,Zone_A_FastMoving,4,3316.2,3356.6,40.4,A03 -> A06 -> A02,3,3,75.0,3175.0,Normal Operation
W063,ORD_0183,A08,Zone_B_EngineParts,5,3182.8,3224.8,42.0,A08 -> A11 -> A03,1,3,120.0,3182.8,Normal Operation
W063,ORD_0183,A11,Zone_C_Electrical,4,3254.8,3289.4,34.6,A08 -> A11 -> A03,2,3,120.0,3182.8,Normal Operation
W063,ORD_0183,A03,Zone_A_FastMoving,3,3319.4,3379.2,59.8,A08 -> A11 -> A03,3,3,120.0,3182.8,Normal Operation
W064,ORD_0184,A06,Zone_B_EngineParts,4,3196.1,3248.8,52.7,A06 -> A09 -> A07 -> A02,1,4,135.0,3196.1,Normal Operation
W064,ORD_0184,A09,Zone_C_Electrical,4,3278.8,3312.6,33.8,A06 -> A09 -> A07 -> A02,2,4,135.0,3196.1,Normal Operation
W064,ORD_0184,A07,Zone_B_EngineParts,3,3357.6,3412.4,54.8,A06 -> A09 -> A07 -> A02,3,4,135.0,3196.1,Normal Operation
W064,ORD_0184,A02,Zone_A_FastMoving,4,3442.4,3495.9,53.5,A06 -> A09 -> A07 -> A02,4,4,135.0,3196.1,Normal Operation
W065,ORD_0185,A01,Zone_A_FastMoving,4,3199.1,3231.7,32.6,A01 -> A03 -> A06,1,3,60.0,3199.1,Normal Operation
W065,ORD_0185,A03,Zone_A_FastMoving,3,3261.7,3319.8,58.1,A01 -> A03 -> A06,2,3,60.0,3199.1,Normal Operation
W065,ORD_0185,A06,Zone_B_EngineParts,4,3349.8,3396.4,46.6,A01 -> A03 -> A06,3,3,60.0,3199.1,Normal Operation
W066,ORD_0186,A04,Zone_A_FastMoving,5,3211.5,3259.5,48.0,A04 -> A05,1,2,105.0,3211.5,Normal Operation
W066,ORD_0186,A05,Zone_B_EngineParts,4,3319.5,3365.0,45.5,A04 -> A05,2,2,105.0,3211.5,Normal Operation
W067,ORD_0187,A06,Zone_B_EngineParts,4,3241.5,3299.4,57.9,A06 -> A12 -> A10 -> A03,1,4,150.0,3241.5,Normal Operation
W067,ORD_0187,A12,Zone_C_Electrical,5,3344.4,3377.9,33.5,A06 -> A12 -> A10 -> A03,2,4,150.0,3241.5,Normal Operation
W067,ORD_0187,A10,Zone_C_Electrical,4,3407.9,3462.4,54.5,A06 -> A12 -> A10 -> A03,3,4,150.0,3241.5,Normal Operation
W067,ORD_0187,A03,Zone_A_FastMoving,3,3507.4,3548.8,41.4,A06 -> A12 -> A10 -> A03,4,4,150.0,3241.5,Normal Operation
W068,ORD_0188,A10,Zone_C_Electrical,4,3251.9,3284.3,32.4,A10 -> A09 -> A08 -> A03,1,4,150.0,3251.9,Normal Operation
W068,ORD_0188,A09,Zone_C_Electrical,4,3299.3,3341.4,42.1,A10 -> A09 -> A08 -> A03,2,4,150.0,3251.9,Normal Operation
W068,ORD_0188,A08,Zone_B_EngineParts,5,3401.4,3436.6,35.2,A10 -> A09 -> A08 -> A03,3,4,150.0,3251.9,Normal Operation
W068,ORD_0188,A03,Zone_A_FastMoving,3,3466.6,3517.4,50.8,A10 -> A09 -> A08 -> A03,4,4,150.0,3251.9,Normal Operation
W069,ORD_0189,A12,Zone_C_Electrical,5,3278.9,3333.6,54.7,A12 -> A07,1,2,105.0,3278.9,Normal Operation
W069,ORD_0189,A07,Zone_B_EngineParts,3,3363.6,3397.6,34.0,A12 -> A07,2,2,105.0,3278.9,Normal Operation
W070,ORD_0190,A11,Zone_C_Electrical,4,3300.8,3336.0,35.2,A11 -> A06 -> A07 -> A08,1,4,120.0,3300.8,Normal Operation
W070,ORD_0190,A06,Zone_B_EngineParts,4,3366.0,3411.1,45.1,A11 -> A06 -> A07 -> A08,2,4,120.0,3300.8,Normal Operation
W070,ORD_0190,A07,Zone_B_EngineParts,3,3426.1,3468.1,42.0,A11 -> A06 -> A07 -> A08,3,4,120.0,3300.8,Normal Operation
W070,ORD_0190,A08,Zone_B_EngineParts,5,3483.1,3517.5,34.4,A11 -> A06 -> A07 -> A08,4,4,120.0,3300.8,Normal Operation
W071,ORD_0191,A02,Zone_A_FastMoving,4,3308.7,3342.8,34.1,A02 -> A01,1,2,30.0,3308.7,Normal Operation
W071,ORD_0191,A01,Zone_A_FastMoving,4,3357.8,3416.7,58.9,A02 -> A01,2,2,30.0,3308.7,Normal Operation
W072,ORD_0192,A12,Zone_C_Electrical,5,3321.0,3366.2,45.2,A12 -> A05 -> A03,1,3,180.0,3321.0,Normal Operation
W072,ORD_0192,A05,Zone_B_EngineParts,4,3426.2,3469.4,43.2,A12 -> A05 -> A03,2,3,180.0,3321.0,Normal Operation
W072,ORD_0192,A03,Zone_A_FastMoving,3,3514.4,3547.6,33.2,A12 -> A05 -> A03,3,3,180.0,3321.0,Normal Operation
W073,ORD_0193,A03,Zone_A_FastMoving,3,3321.3,3353.1,31.8,A03 -> A07 -> A02,1,3,75.0,3321.3,Normal Operation
W073,ORD_0193,A07,Zone_B_EngineParts,3,3368.1,3421.5,53.4,A03 -> A07 -> A02,2,3,75.0,3321.3,Normal Operation
W073,ORD_0193,A02,Zone_A_FastMoving,4,3451.5,3495.3,43.8,A03 -> A07 -> A02,3,3,75.0,3321.3,Normal Operation
W074,ORD_0194,A12,Zone_C_Electrical,5,3345.9,3396.8,50.9,A12 -> A01,1,2,150.0,3345.9,Normal Operation
W074,ORD_0194,A01,Zone_A_FastMoving,4,3471.8,3531.3,59.5,A12 -> A01,2,2,150.0,3345.9,Normal Operation
W075,ORD_0195,A03,Zone_A_FastMoving,3,3358.3,3397.4,39.1,A03 -> A02,1,2,45.0,3358.3,Normal Operation
W075,ORD_0195,A02,Zone_A_FastMoving,4,3412.4,3445.4,33.0,A03 -> A02,2,2,45.0,3358.3,Normal Operation
W076,ORD_0196,A02,Zone_A_FastMoving,4,3361.3,3415.7,54.4,A02 -> A06 -> A12,1,3,75.0,3361.3,Normal Operation
W076,ORD_0196,A06,Zone_B_EngineParts,4,3430.7,3479.2,48.5,A02 -> A06 -> A12,2,3,75.0,3361.3,Normal Operation
W076,ORD_0196,A12,Zone_C_Electrical,5,3524.2,3563.4,39.2,A02 -> A06 -> A12,3,3,75.0,3361.3,Normal Operation
W077,ORD_0197,A06,Zone_B_EngineParts,4,3392.6,3449.2,56.6,A06 -> A05 -> A02,1,3,75.0,3392.6,Normal Operation
W077,ORD_0197,A05,Zone_B_EngineParts,4,3464.2,3507.7,43.5,A06 -> A05 -> A02,2,3,75.0,3392.6,Normal Operation
W077,ORD_0197,A02,Zone_A_FastMoving,4,3537.7,3573.5,35.8,A06 -> A05 -> A02,3,3,75.0,3392.6,Normal Operation
W078,ORD_0198,A05,Zone_B_EngineParts,4,3397.8,3449.8,52.0,A05 -> A09,1,2,30.0,3397.8,Normal Operation
W078,ORD_0198,A09,Zone_C_Electrical,4,3464.8,3517.9,53.1,A05 -> A09,2,2,30.0,3397.8,Normal Operation
W079,ORD_0199,A05,Zone_B_EngineParts,4,3407.6,3438.2,30.6,A05 -> A06,1,2,30.0,3407.6,Normal Operation
W079,ORD_0199,A06,Zone_B_EngineParts,4,3453.2,3491.0,37.8,A05 -> A06,2,2,30.0,3407.6,Normal Operation
W080,ORD_0200,A02,Zone_A_FastMoving,4,3435.0,3465.4,30.4,A02 -> A06 -> A03,1,3,60.0,3435.0,Normal Operation
W080,ORD_0200,A06,Zone_B_EngineParts,4,3480.4,3517.6,37.2,A02 -> A06 -> A03,2,3,60.0,3435.0,Normal Operation
W080,ORD_0200,A03,Zone_A_FastMoving,3,3547.6,3606.9,59.3,A02 -> A06 -> A03,3,3,60.0,3435.0,Normal Operation
W081,ORD_0201,A12,Zone_C_Electrical,5,3478.0,3521.6,43.6,A12 -> A06 -> A02 -> A07,1,4,165.0,3478.0,Normal Operation
W081,ORD_0201,A06,Zone_B_EngineParts,4,3566.6,3621.9,55.3,A12 -> A06 -> A02 -> A07,2,4,165.0,3478.0,Normal Operation
W081,ORD_0201,A02,Zone_A_FastMoving,4,3636.9,3669.8,32.9,A12 -> A06 -> A02 -> A07,3,4,165.0,3478.0,Normal Operation
W081,ORD_0201,A07,Zone_B_EngineParts,3,3699.8,3744.4,44.6,A12 -> A06 -> A02 -> A07,4,4,165.0,3478.0,Normal Operation
W082,ORD_0202,A03,Zone_A_FastMoving,3,3488.8,3533.1,44.3,A03 -> A07,1,2,45.0,3488.8,Normal Operation
W082,ORD_0202,A07,Zone_B_EngineParts,3,3548.1,3589.4,41.3,A03 -> A07,2,2,45.0,3488.8,Normal Operation
W083,ORD_0203,A05,Zone_B_EngineParts,4,3530.7,3587.5,56.8,A05 -> A08,1,2,60.0,3530.7,Normal Operation
W083,ORD_0203,A08,Zone_B_EngineParts,5,3632.5,3691.2,58.7,A05 -> A08,2,2,60.0,3530.7,Normal Operation
W084,ORD_0204,A03,Zone_A_FastMoving,3,3539.1,3576.7,37.6,A03 -> A07 -> A05,1,3,75.0,3539.1,Normal Operation
W084,ORD_0204,A07,Zone_B_EngineParts,3,3591.7,3646.9,55.2,A03 -> A07 -> A05,2,3,75.0,3539.1,Normal Operation
W084,ORD_0204,A05,Zone_B_EngineParts,4,3676.9,3708.1,31.2,A03 -> A07 -> A05,3,3,75.0,3539.1,Normal Operation
W085,ORD_0205,A05,Zone_B_EngineParts,4,3615.9,3664.3,48.4,A05 -> A07 -> A10 -> A06,1,4,90.0,3615.9,Normal Operation
W085,ORD_0205,A07,Zone_B_EngineParts,3,3694.3,3726.3,32.0,A05 -> A07 -> A10 -> A06,2,4,90.0,3615.9,Normal Operation
W085,ORD_0205,A10,Zone_C_Electrical,4,3756.3,3801.9,45.6,A05 -> A07 -> A10 -> A06,3,4,90.0,3615.9,Normal Operation
W085,ORD_0205,A06,Zone_B_EngineParts,4,3816.9,3851.4,34.5,A05 -> A07 -> A10 -> A06,4,4,90.0,3615.9,Normal Operation
W086,ORD_0206,A06,Zone_B_EngineParts,4,3616.3,3648.8,32.5,A06 -> A07 -> A01,1,3,90.0,3616.3,Normal Operation
W086,ORD_0206,A07,Zone_B_EngineParts,3,3663.8,3715.3,51.5,A06 -> A07 -> A01,2,3,90.0,3616.3,Normal Operation
W086,ORD_0206,A01,Zone_A_FastMoving,4,3760.3,3792.5,32.2,A06 -> A07 -> A01,3,3,90.0,3616.3,Normal Operation
W087,ORD_0207,A01,Zone_A_FastMoving,4,3625.6,3677.7,52.1,A01 -> A12,1,2,75.0,3625.6,Normal Operation
W087,ORD_0207,A12,Zone_C_Electrical,5,3752.7,3793.3,40.6,A01 -> A12,2,2,75.0,3625.6,Normal Operation
W088,ORD_0208,A03,Zone_A_FastMoving,3,3659.1,3708.9,49.8,A03 -> A08,1,2,60.0,3659.1,Normal Operation
W088,ORD_0208,A08,Zone_B_EngineParts,5,3738.9,3774.5,35.6,A03 -> A08,2,2,60.0,3659.1,Normal Operation
W089,ORD_0209,A02,Zone_A_FastMoving,4,3663.8,3716.7,52.9,A02 -> A07,1,2,45.0,3663.8,Normal Operation
W089,ORD_0209,A07,Zone_B_EngineParts,3,3746.7,3784.7,38.0,A02 -> A07,2,2,45.0,3663.8,Normal Operation
W090,ORD_0210,A02,Zone_A_FastMoving,4,3678.8,3717.7,38.9,A02 -> A12,1,2,75.0,3678.8,Normal Operation
W090,ORD_0210,A12,Zone_C_Electrical,5,3777.7,3830.8,53.1,A02 -> A12,2,2,75.0,3678.8,Normal Operation
W091,ORD_0211,A04,Zone_A_FastMoving,5,3711.3,3759.8,48.5,A04 -> A03 -> A02,1,3,75.0,3711.3,Normal Operation
W091,ORD_0211,A03,Zone_A_FastMoving,3,3774.8,3828.0,53.2,A04 -> A03 -> A02,2,3,75.0,3711.3,Normal Operation
W091,ORD_0211,A02,Zone_A_FastMoving,4,3843.0,3892.3,49.3,A04 -> A03 -> A02,3,3,75.0,3711.3,Normal Operation
W092,ORD_0212,A01,Zone_A_FastMoving,4,3718.2,3757.0,38.8,A01 -> A12 -> A08,1,3,90.0,3718.2,Normal Operation
W092,ORD_0212,A12,Zone_C_Electrical,5,3832.0,3891.4,59.4,A01 -> A12 -> A08,2,3,90.0,3718.2,Normal Operation
W092,ORD_0212,A08,Zone_B_EngineParts,5,3906.4,3954.5,48.1,A01 -> A12 -> A08,3,3,90.0,3718.2,Normal Operation
W093,ORD_0213,A08,Zone_B_EngineParts,5,3730.5,3764.3,33.8,A08 -> A09 -> A07,1,3,165.0,3730.5,Normal Operation
W093,ORD_0213,A09,Zone_C_Electrical,4,3824.3,3864.4,40.1,A08 -> A09 -> A07,2,3,165.0,3730.5,Normal Operation
W093,ORD_0213,A07,Zone_B_EngineParts,3,3909.4,3967.2,57.8,A08 -> A09 -> A07,3,3,165.0,3730.5,Normal Operation
W094,ORD_0214,A04,Zone_A_FastMoving,5,3743.7,3786.9,43.2,A04 -> A05,1,2,105.0,3743.7,Normal Operation
W094,ORD_0214,A05,Zone_B_EngineParts,4,3846.9,3895.3,48.4,A04 -> A05,2,2,105.0,3743.7,Normal Operation
W095,ORD_0215,A03,Zone_A_FastMoving,3,3744.5,3783.1,38.6,A03 -> A02 -> A10 -> A07,1,4,105.0,3744.5,Normal Operation
W095,ORD_0215,A02,Zone_A_FastMoving,4,3798.1,3852.6,54.5,A03 -> A02 -> A10 -> A07,2,4,105.0,3744.5,Normal Operation
W095,ORD_0215,A10,Zone_C_Electrical,4,3882.6,3938.4,55.8,A03 -> A02 -> A10 -> A07,3,4,105.0,3744.5,Normal Operation
W095,ORD_0215,A07,Zone_B_EngineParts,3,3968.4,4023.8,55.4,A03 -> A02 -> A10 -> A07,4,4,105.0,3744.5,Normal Operation
W096,ORD_0216,A03,Zone_A_FastMoving,3,3763.8,3815.7,51.9,A03 -> A08 -> A05 -> A09,1,4,120.0,3763.8,Normal Operation
W096,ORD_0216,A08,Zone_B_EngineParts,5,3845.7,3899.0,53.3,A03 -> A08 -> A05 -> A09,2,4,120.0,3763.8,Normal Operation
W096,ORD_0216,A05,Zone_B_EngineParts,4,3944.0,3993.7,49.7,A03 -> A08 -> A05 -> A09,3,4,120.0,3763.8,Normal Operation
W096,ORD_0216,A09,Zone_C_Electrical,4,4008.7,4044.0,35.3,A03 -> A08 -> A05 -> A09,4,4,120.0,3763.8,Normal Operation
W097,ORD_0217,A12,Zone_C_Electrical,5,3769.0,3803.9,34.9,A12 -> A11 -> A01,1,3,150.0,3769.0,Normal Operation
W097,ORD_0217,A11,Zone_C_Electrical,4,3818.9,3852.9,34.0,A12 -> A11 -> A01,2,3,150.0,3769.0,Normal Operation
W097,ORD_0217,A01,Zone_A_FastMoving,4,3912.9,3964.7,51.8,A12 -> A11 -> A01,3,3,150.0,3769.0,Normal Operation
W098,ORD_0218,A03,Zone_A_FastMoving,3,3812.1,3858.4,46.3,A03 -> A06 -> A09 -> A07,1,4,135.0,3812.1,Normal Operation
W098,ORD_0218,A06,Zone_B_EngineParts,4,3888.4,3936.1,47.7,A03 -> A06 -> A09 -> A07,2,4,135.0,3812.1,Normal Operation
W098,ORD_0218,A09,Zone_C_Electrical,4,3966.1,4011.4,45.3,A03 -> A06 -> A09 -> A07,3,4,135.0,3812.1,Normal Operation
W098,ORD_0218,A07,Zone_B_EngineParts,3,4056.4,4095.3,38.9,A03 -> A06 -> A09 -> A07,4,4,135.0,3812.1,Normal Operation
W099,ORD_0219,A07,Zone_B_EngineParts,3,3814.6,3849.4,34.8,A07 -> A10 -> A08,1,3,120.0,3814.6,Normal Operation
W099,ORD_0219,A10,Zone_C_Electrical,4,3879.4,3923.2,43.8,A07 -> A10 -> A08,2,3,120.0,3814.6,Normal Operation
W099,ORD_0219,A08,Zone_B_EngineParts,5,3968.2,3998.5,30.3,A07 -> A10 -> A08,3,3,120.0,3814.6,Normal Operation
W100,ORD_0220,A07,Zone_B_EngineParts,3,3830.3,3863.3,33.0,A07 -> A12,1,2,75.0,3830.3,Normal Operation
W100,ORD_0220,A12,Zone_C_Electrical,5,3893.3,3935.3,42.0,A07 -> A12,2,2,75.0,3830.3,Normal Operation
W101,ORD_0221,A03,Zone_A_FastMoving,3,3862.6,3916.1,53.5,A03 -> A07 -> A02 -> A05,1,4,105.0,3862.6,Normal Operation
W101,ORD_0221,A07,Zone_B_EngineParts,3,3931.1,3977.7,46.6,A03 -> A07 -> A02 -> A05,2,4,105.0,3862.6,Normal Operation
W101,ORD_0221,A02,Zone_A_FastMoving,4,4007.7,4037.9,30.2,A03 -> A07 -> A02 -> A05,3,4,105.0,3862.6,Normal Operation
W101,ORD_0221,A05,Zone_B_EngineParts,4,4067.9,4120.7,52.8,A03 -> A07 -> A02 -> A05,4,4,105.0,3862.6,Normal Operation
W102,ORD_0222,A08,Zone_B_EngineParts,5,3869.7,3928.4,58.7,A08 -> A03,1,2,90.0,3869.7,Normal Operation
W102,ORD_0222,A03,Zone_A_FastMoving,3,3958.4,3999.4,41.0,A08 -> A03,2,2,90.0,3869.7,Normal Operation
W103,ORD_0223,A03,Zone_A_FastMoving,3,3874.6,3934.5,59.9,A03 -> A11,1,2,60.0,3874.6,Normal Operation
W103,ORD_0223,A11,Zone_C_Electrical,4,3964.5,4005.5,41.0,A03 -> A11,2,2,60.0,3874.6,Normal Operation
W104,ORD_0224,A07,Zone_B_EngineParts,3,3876.4,3918.8,42.4,A07 -> A10 -> A03,1,3,120.0,3876.4,Normal Operation
W104,ORD_0224,A10,Zone_C_Electrical,4,3948.8,3999.7,50.9,A07 -> A10 -> A03,2,3,120.0,3876.4,Normal Operation
W104,ORD_0224,A03,Zone_A_FastMoving,3,4044.7,4074.8,30.1,A07 -> A10 -> A03,3,3,120.0,3876.4,Normal Operation
W105,ORD_0225,A03,Zone_A_FastMoving,3,3877.2,3924.8,47.6,A03 -> A08 -> A02,1,3,105.0,3877.2,Normal Operation
W105,ORD_0225,A08,Zone_B_EngineParts,5,3954.8,3999.2,44.4,A03 -> A08 -> A02,2,3,105.0,3877.2,Normal Operation
W105,ORD_0225,A02,Zone_A_FastMoving,4,4044.2,4093.5,49.3,A03 -> A08 -> A02,3,3,105.0,3877.2,Normal Operation
W106,ORD_0226,A07,Zone_B_EngineParts,3,3886.8,3934.9,48.1,A07 -> A05,1,2,75.0,3886.8,Normal Operation
W106,ORD_0226,A05,Zone_B_EngineParts,4,3964.9,4015.2,50.3,A07 -> A05,2,2,75.0,3886.8,Normal Operation
W107,ORD_0227,A03,Zone_A_FastMoving,3,3894.8,3926.6,31.8,A03 -> A09 -> A06 -> A02,1,4,135.0,3894.8,Normal Operation
W107,ORD_0227,A09,Zone_C_Electrical,4,3986.6,4026.6,40.0,A03 -> A09 -> A06 -> A02,2,4,135.0,3894.8,Normal Operation
W107,ORD_0227,A06,Zone_B_EngineParts,4,4056.6,4110.1,53.5,A03 -> A09 -> A06 -> A02,3,4,135.0,3894.8,Normal Operation
W107,ORD_0227,A02,Zone_A_FastMoving,4,4125.1,4176.3,51.2,A03 -> A09 -> A06 -> A02,4,4,135.0,3894.8,Normal Operation
W108,ORD_0228,A06,Zone_B_EngineParts,4,3901.1,3940.9,39.8,A06 -> A05 -> A03,1,3,90.0,3901.1,Normal Operation
W108,ORD_0228,A05,Zone_B_EngineParts,4,3955.9,3998.9,43.0,A06 -> A05 -> A03,2,3,90.0,3901.1,Normal Operation
W108,ORD_0228,A03,Zone_A_FastMoving,3,4043.9,4076.6,32.7,A06 -> A05 -> A03,3,3,90.0,3901.1,Normal Operation
W109,ORD_0229,A07,Zone_B_EngineParts,3,3901.9,3959.9,58.0,A07 -> A12,1,2,75.0,3901.9,Normal Operation
W109,ORD_0229,A12,Zone_C_Electrical,5,3989.9,4039.2,49.3,A07 -> A12,2,2,75.0,3901.9,Normal Operation
W110,ORD_0230,A07,Zone_B_EngineParts,3,3929.2,3971.5,42.3,A07 -> A08 -> A02,1,3,105.0,3929.2,Normal Operation
W110,ORD_0230,A08,Zone_B_EngineParts,5,3986.5,4041.7,55.2,A07 -> A08 -> A02,2,3,105.0,3929.2,Normal Operation
W110,ORD_0230,A02,Zone_A_FastMoving,4,4086.7,4128.2,41.5,A07 -> A08 -> A02,3,3,105.0,3929.2,Normal Operation
W111,ORD_0231,A07,Zone_B_EngineParts,3,3948.5,3988.5,40.0,A07 -> A03 -> A04,1,3,75.0,3948.5,Normal Operation
W111,ORD_0231,A03,Zone_A_FastMoving,3,4003.5,4034.3,30.8,A07 -> A03 -> A04,2,3,75.0,3948.5,Normal Operation
W111,ORD_0231,A04,Zone_A_FastMoving,5,4049.3,4080.0,30.7,A07 -> A03 -> A04,3,3,75.0,3948.5,Normal Operation
W112,ORD_0232,A03,Zone_A_FastMoving,3,3950.3,3993.2,42.9,A03 -> A06 -> A11 -> A04,1,4,135.0,3950.3,Normal Operation
W112,ORD_0232,A06,Zone_B_EngineParts,4,4023.2,4079.4,56.2,A03 -> A06 -> A11 -> A04,2,4,135.0,3950.3,Normal Operation
W112,ORD_0232,A11,Zone_C_Electrical,4,4109.4,4164.7,55.3,A03 -> A06 -> A11 -> A04,3,4,135.0,3950.3,Normal Operation
W112,ORD_0232,A04,Zone_A_FastMoving,5,4209.7,4245.3,35.6,A03 -> A06 -> A11 -> A04,4,4,135.0,3950.3,Normal Operation
W113,ORD_0233,A05,Zone_B_EngineParts,4,3975.8,4020.7,44.9,A05 -> A06 -> A02 -> A08,1,4,90.0,3975.8,Normal Operation
W113,ORD_0233,A06,Zone_B_EngineParts,4,4035.7,4078.8,43.1,A05 -> A06 -> A02 -> A08,2,4,90.0,3975.8,Normal Operation
W113,ORD_0233,A02,Zone_A_FastMoving,4,4093.8,4145.7,51.9,A05 -> A06 -> A02 -> A08,3,4,90.0,3975.8,Normal Operation
W113,ORD_0233,A08,Zone_B_EngineParts,5,4190.7,4243.7,53.0,A05 -> A06 -> A02 -> A08,4,4,90.0,3975.8,Normal Operation
W114,ORD_0234,A07,Zone_B_EngineParts,3,3977.8,4030.3,52.5,A07 -> A02,1,2,75.0,3977.8,Normal Operation
W114,ORD_0234,A02,Zone_A_FastMoving,4,4060.3,4110.0,49.7,A07 -> A02,2,2,75.0,3977.8,Normal Operation
W115,ORD_0235,A02,Zone_A_FastMoving,4,3990.0,4047.2,57.2,A02 -> A01 -> A03 -> A06,1,4,90.0,3990.0,Normal Operation
W115,ORD_0235,A01,Zone_A_FastMoving,4,4062.2,4099.7,37.5,A02 -> A01 -> A03 -> A06,2,4,90.0,3990.0,Normal Operation
W115,ORD_0235,A03,Zone_A_FastMoving,3,4129.7,4167.9,38.2,A02 -> A01 -> A03 -> A06,3,4,90.0,3990.0,Normal Operation
W115,ORD_0235,A06,Zone_B_EngineParts,4,4197.9,4250.7,52.8,A02 -> A01 -> A03 -> A06,4,4,90.0,3990.0,Normal Operation
W116,ORD_0236,A08,Zone_B_EngineParts,5,4024.6,4055.6,31.0,A08 -> A02 -> A06,1,3,120.0,4024.6,Normal Operation
W116,ORD_0236,A02,Zone_A_FastMoving,4,4100.6,4132.5,31.9,A08 -> A02 -> A06,2,3,120.0,4024.6,Normal Operation
W116,ORD_0236,A06,Zone_B_EngineParts,4,4147.5,4204.7,57.2,A08 -> A02 -> A06,3,3,120.0,4024.6,Normal Operation
W117,ORD_0237,A06,Zone_B_EngineParts,4,4039.1,4079.5,40.4,A06 -> A05,1,2,45.0,4039.1,Normal Operation
W117,ORD_0237,A05,Zone_B_EngineParts,4,4094.5,4151.5,57.0,A06 -> A05,2,2,45.0,4039.1,Normal Operation
W118,ORD_0238,A07,Zone_B_EngineParts,3,4040.4,4087.2,46.8,A07 -> A12,1,2,75.0,4040.4,Normal Operation
W118,ORD_0238,A12,Zone_C_Electrical,5,4117.2,4175.3,58.1,A07 -> A12,2,2,75.0,4040.4,Normal Operation
W119,ORD_0239,A05,Zone_B_EngineParts,4,4054.6,4106.5,51.9,A05 -> A03,1,2,60.0,4054.6,Normal Operation
W119,ORD_0239,A03,Zone_A_FastMoving,3,4151.5,4210.9,59.4,A05 -> A03,2,2,60.0,4054.6,Normal Operation
W120,ORD_0240,A07,Zone_B_EngineParts,3,4060.6,4107.6,47.0,A07 -> A03,1,2,60.0,4060.6,Normal Operation
W120,ORD_0240,A03,Zone_A_FastMoving,3,4122.6,4166.5,43.9,A07 -> A03,2,2,60.0,4060.6,Normal Operation
W001,ORD_0241,A07,Zone_B_EngineParts,3,4113.5,4151.0,37.5,A07 -> A03 -> A02 -> A05,1,4,105.0,4113.5,Normal Operation
W001,ORD_0241,A03,Zone_A_FastMoving,3,4166.0,4221.5,55.5,A07 -> A03 -> A02 -> A05,2,4,105.0,4113.5,Normal Operation
W001,ORD_0241,A02,Zone_A_FastMoving,4,4236.5,4283.3,46.8,A07 -> A03 -> A02 -> A05,3,4,105.0,4113.5,Normal Operation
W001,ORD_0241,A05,Zone_B_EngineParts,4,4313.3,4359.0,45.7,A07 -> A03 -> A02 -> A05,4,4,105.0,4113.5,Normal Operation
W002,ORD_0242,A10,Zone_C_Electrical,4,4146.7,4178.7,32.0,A10 -> A07,1,2,75.0,4146.7,Normal Operation
W002,ORD_0242,A07,Zone_B_EngineParts,3,4208.7,4259.9,51.2,A10 -> A07,2,2,75.0,4146.7,Normal Operation
W003,ORD_0243,A02,Zone_A_FastMoving,4,4187.5,4222.5,35.0,A02 -> A05 -> A06,1,3,60.0,4187.5,Normal Operation
W003,ORD_0243,A05,Zone_B_EngineParts,4,4252.5,4310.9,58.4,A02 -> A05 -> A06,2,3,60.0,4187.5,Normal Operation
W003,ORD_0243,A06,Zone_B_EngineParts,4,4325.9,4381.4,55.5,A02 -> A05 -> A06,3,3,60.0,4187.5,Normal Operation
W004,ORD_0244,A05,Zone_B_EngineParts,4,4228.5,4260.4,31.9,A05 -> A07 -> A04,1,3,75.0,4228.5,Normal Operation
W004,ORD_0244,A07,Zone_B_EngineParts,3,4290.4,4335.8,45.4,A05 -> A07 -> A04,2,3,75.0,4228.5,Normal Operation
W004,ORD_0244,A04,Zone_A_FastMoving,5,4365.8,4420.0,54.2,A05 -> A07 -> A04,3,3,75.0,4228.5,Normal Operation
W005,ORD_0245,A01,Zone_A_FastMoving,4,4234.4,4272.2,37.8,A01 -> A08 -> A03,1,3,90.0,4234.4,Normal Operation
W005,ORD_0245,A08,Zone_B_EngineParts,5,4332.2,4367.1,34.9,A01 -> A08 -> A03,2,3,90.0,4234.4,Normal Operation
W005,ORD_0245,A03,Zone_A_FastMoving,3,4397.1,4437.0,39.9,A01 -> A08 -> A03,3,3,90.0,4234.4,Normal Operation
W006,ORD_0246,A06,Zone_B_EngineParts,4,4259.4,4315.8,56.4,A06 -> A03 -> A10,1,3,105.0,4259.4,Normal Operation
W006,ORD_0246,A03,Zone_A_FastMoving,3,4345.8,4401.9,56.1,A06 -> A03 -> A10,2,3,105.0,4259.4,Normal Operation
W006,ORD_0246,A10,Zone_C_Electrical,4,4446.9,4484.1,37.2,A06 -> A03 -> A10,3,3,105.0,4259.4,Normal Operation
W007,ORD_0247,A12,Zone_C_Electrical,5,4259.7,4291.7,32.0,A12 -> A08 -> A01,1,3,150.0,4259.7,Normal Operation
W007,ORD_0247,A08,Zone_B_EngineParts,5,4306.7,4350.6,43.9,A12 -> A08 -> A01,2,3,150.0,4259.7,Normal Operation
W007,ORD_0247,A01,Zone_A_FastMoving,4,4410.6,4467.9,57.3,A12 -> A08 -> A01,3,3,150.0,4259.7,Normal Operation
W008,ORD_0248,A06,Zone_B_EngineParts,4,4265.7,4320.4,54.7,A06 -> A02 -> A07,1,3,75.0,4265.7,Normal Operation
W008,ORD_0248,A02,Zone_A_FastMoving,4,4335.4,4376.8,41.4,A06 -> A02 -> A07,2,3,75.0,4265.7,Normal Operation
W008,ORD_0248,A07,Zone_B_EngineParts,3,4406.8,4460.1,53.3,A06 -> A02 -> A07,3,3,75.0,4265.7,Normal Operation
W009,ORD_0249,A03,Zone_A_FastMoving,3,4296.0,4345.0,49.0,A03 -> A06 -> A08 -> A07,1,4,105.0,4296.0,Normal Operation
W009,ORD_0249,A06,Zone_B_EngineParts,4,4375.0,4428.9,53.9,A03 -> A06 -> A08 -> A07,2,4,105.0,4296.0,Normal Operation
W009,ORD_0249,A08,Zone_B_EngineParts,5,4458.9,4500.8,41.9,A03 -> A06 -> A08 -> A07,3,4,105.0,4296.0,Normal Operation
W009,ORD_0249,A07,Zone_B_EngineParts,3,4515.8,4573.3,57.5,A03 -> A06 -> A08 -> A07,4,4,105.0,4296.0,Normal Operation
W010,ORD_0250,A03,Zone_A_FastMoving,3,4299.2,4338.7,39.5,A03 -> A07 -> A08,1,3,60.0,4299.2,Normal Operation
W010,ORD_0250,A07,Zone_B_EngineParts,3,4353.7,4409.4,55.7,A03 -> A07 -> A08,2,3,60.0,4299.2,Normal Operation
W010,ORD_0250,A08,Zone_B_EngineParts,5,4424.4,4481.6,57.2,A03 -> A07 -> A08,3,3,60.0,4299.2,Normal Operation
W011,ORD_0251,A12,Zone_C_Electrical,5,4302.5,4338.6,36.1,A12 -> A03,1,2,120.0,4302.5,Normal Operation
W011,ORD_0251,A03,Zone_A_FastMoving,3,4383.6,4419.1,35.5,A12 -> A03,2,2,120.0,4302.5,Normal Operation
W012,ORD_0252,A07,Zone_B_EngineParts,3,4306.4,4362.9,56.5,A07 -> A03 -> A05 -> A01,1,4,120.0,4306.4,Normal Operation
W012,ORD_0252,A03,Zone_A_FastMoving,3,4377.9,4432.0,54.1,A07 -> A03 -> A05 -> A01,2,4,120.0,4306.4,Normal Operation
W012,ORD_0252,A05,Zone_B_EngineParts,4,4477.0,4522.2,45.2,A07 -> A03 -> A05 -> A01,3,4,120.0,4306.4,Normal Operation
W012,ORD_0252,A01,Zone_A_FastMoving,4,4537.2,4596.2,59.0,A07 -> A03 -> A05 -> A01,4,4,120.0,4306.4,Normal Operation
W013,ORD_0253,A12,Zone_C_Electrical,5,4326.0,4382.5,56.5,A12 -> A07 -> A02,1,3,135.0,4326.0,Normal Operation
W013,ORD_0253,A07,Zone_B_EngineParts,3,4412.5,4455.3,42.8,A12 -> A07 -> A02,2,3,135.0,4326.0,Normal Operation
W013,ORD_0253,A02,Zone_A_FastMoving,4,4485.3,4520.2,34.9,A12 -> A07 -> A02,3,3,135.0,4326.0,Normal Operation
W014,ORD_0254,A07,Zone_B_EngineParts,3,4333.4,4385.0,51.6,A07 -> A06,1,2,60.0,4333.4,Normal Operation
W014,ORD_0254,A06,Zone_B_EngineParts,4,4400.0,4456.7,56.7,A07 -> A06,2,2,60.0,4333.4,Normal Operation
W015,ORD_0255,A07,Zone_B_EngineParts,3,4358.5,4414.2,55.7,A07 -> A03,1,2,60.0,4358.5,Normal Operation
W015,ORD_0255,A03,Zone_A_FastMoving,3,4429.2,4483.8,54.6,A07 -> A03,2,2,60.0,4358.5,Normal Operation
W016,ORD_0256,A07,Zone_B_EngineParts,3,4365.1,4419.7,54.6,A07 -> A03 -> A06,1,3,90.0,4365.1,Normal Operation
W016,ORD_0256,A03,Zone_A_FastMoving,3,4434.7,4478.5,43.8,A07 -> A03 -> A06,2,3,90.0,4365.1,Normal Operation
W016,ORD_0256,A06,Zone_B_EngineParts,4,4508.5,4549.2,40.7,A07 -> A03 -> A06,3,3,90.0,4365.1,Normal Operation
W017,ORD_0257,A09,Zone_C_Electrical,4,4373.3,4428.1,54.8,A09 -> A03 -> A07,1,3,105.0,4373.3,Normal Operation
W017,ORD_0257,A03,Zone_A_FastMoving,3,4488.1,4521.1,33.0,A09 -> A03 -> A07,2,3,105.0,4373.3,Normal Operation
W017,ORD_0257,A07,Zone_B_EngineParts,3,4536.1,4573.3,37.2,A09 -> A03 -> A07,3,3,105.0,4373.3,Normal Operation
W018,ORD_0258,A03,Zone_A_FastMoving,3,4421.4,4473.9,52.5,A03 -> A05,1,2,75.0,4421.4,Normal Operation
W018,ORD_0258,A05,Zone_B_EngineParts,4,4518.9,4568.4,49.5,A03 -> A05,2,2,75.0,4421.4,Normal Operation
W019,ORD_0259,A03,Zone_A_FastMoving,3,4442.8,4502.2,59.4,A03 -> A09 -> A06,1,3,120.0,4442.8,Normal Operation
W019,ORD_0259,A09,Zone_C_Electrical,4,4562.2,4611.2,49.0,A03 -> A09 -> A06,2,3,120.0,4442.8,Normal Operation
W019,ORD_0259,A06,Zone_B_EngineParts,4,4641.2,4675.0,33.8,A03 -> A09 -> A06,3,3,120.0,4442.8,Normal Operation
W020,ORD_0260,A03,Zone_A_FastMoving,3,4443.7,4478.9,35.2,A03 -> A07 -> A02,1,3,75.0,4443.7,Normal Operation
W020,ORD_0260,A07,Zone_B_EngineParts,3,4493.9,4549.6,55.7,A03 -> A07 -> A02,2,3,75.0,4443.7,Normal Operation
W020,ORD_0260,A02,Zone_A_FastMoving,4,4579.6,4616.4,36.8,A03 -> A07 -> A02,3,3,75.0,4443.7,Normal Operation
W021,ORD_0261,A03,Zone_A_FastMoving,3,4456.7,4493.1,36.4,A03 -> A07 -> A06 -> A04,1,4,105.0,4456.7,Normal Operation
W021,ORD_0261,A07,Zone_B_EngineParts,3,4508.1,4539.1,31.0,A03 -> A07 -> A06 -> A04,2,4,105.0,4456.7,Normal Operation
W021,ORD_0261,A06,Zone_B_EngineParts,4,4554.1,4593.2,39.1,A03 -> A07 -> A06 -> A04,3,4,105.0,4456.7,Normal Operation
W021,ORD_0261,A04,Zone_A_FastMoving,5,4638.2,4687.8,49.6,A03 -> A07 -> A06 -> A04,4,4,105.0,4456.7,Normal Operation
W022,ORD_0262,A10,Zone_C_Electrical,4,4461.5,4518.7,57.2,A10 -> A08 -> A07 -> A03,1,4,120.0,4461.5,Normal Operation
W022,ORD_0262,A08,Zone_B_EngineParts,5,4563.7,4613.8,50.1,A10 -> A08 -> A07 -> A03,2,4,120.0,4461.5,Normal Operation
W022,ORD_0262,A07,Zone_B_EngineParts,3,4628.8,4675.6,46.8,A10 -> A08 -> A07 -> A03,3,4,120.0,4461.5,Normal Operation
W022,ORD_0262,A03,Zone_A_FastMoving,3,4690.6,4723.9,33.3,A10 -> A08 -> A07 -> A03,4,4,120.0,4461.5,Normal Operation
W023,ORD_0263,A05,Zone_B_EngineParts,4,4465.2,4506.6,41.4,A05 -> A10 -> A07,1,3,75.0,4465.2,Normal Operation
W023,ORD_0263,A10,Zone_C_Electrical,4,4536.6,4595.9,59.3,A05 -> A10 -> A07,2,3,75.0,4465.2,Normal Operation
W023,ORD_0263,A07,Zone_B_EngineParts,3,4625.9,4659.2,33.3,A05 -> A10 -> A07,3,3,75.0,4465.2,Normal Operation
W024,ORD_0264,A01,Zone_A_FastMoving,4,4479.8,4518.2,38.4,A01 -> A07 -> A11,1,3,60.0,4479.8,Normal Operation
W024,ORD_0264,A07,Zone_B_EngineParts,3,4563.2,4619.0,55.8,A01 -> A07 -> A11,2,3,60.0,4479.8,Normal Operation
W024,ORD_0264,A11,Zone_C_Electrical,4,4634.0,4672.8,38.8,A01 -> A07 -> A11,3,3,60.0,4479.8,Normal Operation
W025,ORD_0265,A08,Zone_B_EngineParts,5,4515.9,4567.7,51.8,A08 -> A09 -> A01 -> A12,1,4,225.0,4515.9,Normal Operation
W025,ORD_0265,A09,Zone_C_Electrical,4,4627.7,4666.8,39.1,A08 -> A09 -> A01 -> A12,2,4,225.0,4515.9,Normal Operation
W025,ORD_0265,A01,Zone_A_FastMoving,4,4696.8,4751.7,54.9,A08 -> A09 -> A01 -> A12,3,4,225.0,4515.9,Normal Operation
W025,ORD_0265,A12,Zone_C_Electrical,5,4826.7,4865.1,38.4,A08 -> A09 -> A01 -> A12,4,4,225.0,4515.9,Normal Operation
W026,ORD_0266,A02,Zone_A_FastMoving,4,4533.5,4577.6,44.1,A02 -> A07 -> A03 -> A01,1,4,90.0,4533.5,Normal Operation
W026,ORD_0266,A07,Zone_B_EngineParts,3,4607.6,4646.6,39.0,A02 -> A07 -> A03 -> A01,2,4,90.0,4533.5,Normal Operation
W026,ORD_0266,A03,Zone_A_FastMoving,3,4661.6,4709.6,48.0,A02 -> A07 -> A03 -> A01,3,4,90.0,4533.5,Normal Operation
W026,ORD_0266,A01,Zone_A_FastMoving,4,4739.6,4778.5,38.9,A02 -> A07 -> A03 -> A01,4,4,90.0,4533.5,Normal Operation
W027,ORD_0267,A08,Zone_B_EngineParts,5,4568.5,4625.6,57.1,A08 -> A01,1,2,120.0,4568.5,Normal Operation
W027,ORD_0267,A01,Zone_A_FastMoving,4,4685.6,4741.2,55.6,A08 -> A01,2,2,120.0,4568.5,Normal Operation
W028,ORD_0268,A07,Zone_B_EngineParts,3,4624.0,4656.4,32.4,A07 -> A10 -> A03,1,3,120.0,4624.0,Normal Operation
W028,ORD_0268,A10,Zone_C_Electrical,4,4686.4,4723.6,37.2,A07 -> A10 -> A03,2,3,120.0,4624.0,Normal Operation
W028,ORD_0268,A03,Zone_A_FastMoving,3,4768.6,4822.4,53.8,A07 -> A10 -> A03,3,3,120.0,4624.0,Normal Operation
W029,ORD_0269,A07,Zone_B_EngineParts,3,4638.0,4693.7,55.7,A07 -> A12,1,2,75.0,4638.0,Normal Operation
W029,ORD_0269,A12,Zone_C_Electrical,5,4723.7,4769.3,45.6,A07 -> A12,2,2,75.0,4638.0,Normal Operation
W030,ORD_0270,A09,Zone_C_Electrical,4,4656.0,4689.4,33.4,A09 -> A07,1,2,75.0,4656.0,Normal Operation
W030,ORD_0270,A07,Zone_B_EngineParts,3,4734.4,4767.2,32.8,A09 -> A07,2,2,75.0,4656.0,Normal Operation
W031,ORD_0271,A07,Zone_B_EngineParts,3,4661.1,4704.0,42.9,A07 -> A09 -> A10 -> A04,1,4,165.0,4661.1,Normal Operation
W031,ORD_0271,A09,Zone_C_Electrical,4,4749.0,4788.5,39.5,A07 -> A09 -> A10 -> A04,2,4,165.0,4661.1,Normal Operation
W031,ORD_0271,A10,Zone_C_Electrical,4,4803.5,4846.5,43.0,A07 -> A09 -> A10 -> A04,3,4,165.0,4661.1,Normal Operation
W031,ORD_0271,A04,Zone_A_FastMoving,5,4906.5,4959.7,53.2,A07 -> A09 -> A10 -> A04,4,4,165.0,4661.1,Normal Operation
W032,ORD_0272,A10,Zone_C_Electrical,4,4712.4,4761.3,48.9,A10 -> A05 -> A07,1,3,105.0,4712.4,Normal Operation
W032,ORD_0272,A05,Zone_B_EngineParts,4,4791.3,4839.1,47.8,A10 -> A05 -> A07,2,3,105.0,4712.4,Normal Operation
W032,ORD_0272,A07,Zone_B_EngineParts,3,4869.1,4920.2,51.1,A10 -> A05 -> A07,3,3,105.0,4712.4,Normal Operation
W033,ORD_0273,A06,Zone_B_EngineParts,4,4718.3,4759.8,41.5,A06 -> A02,1,2,45.0,4718.3,Normal Operation
W033,ORD_0273,A02,Zone_A_FastMoving,4,4774.8,4819.4,44.6,A06 -> A02,2,2,45.0,4718.3,Normal Operation
W034,ORD_0274,A12,Zone_C_Electrical,5,4720.2,4765.4,45.2,A12 -> A07 -> A08,1,3,120.0,4720.2,Normal Operation
W034,ORD_0274,A07,Zone_B_EngineParts,3,4795.4,4844.4,49.0,A12 -> A07 -> A08,2,3,120.0,4720.2,Normal Operation
W034,ORD_0274,A08,Zone_B_EngineParts,5,4859.4,4891.5,32.1,A12 -> A07 -> A08,3,3,120.0,4720.2,Normal Operation
W035,ORD_0275,A04,Zone_A_FastMoving,5,4726.1,4757.5,31.4,A04 -> A06,1,2,90.0,4726.1,Normal Operation
W035,ORD_0275,A06,Zone_B_EngineParts,4,4802.5,4836.7,34.2,A04 -> A06,2,2,90.0,4726.1,Normal Operation
W036,ORD_0276,A12,Zone_C_Electrical,5,4743.8,4788.3,44.5,A12 -> A03,1,2,120.0,4743.8,Normal Operation
W036,ORD_0276,A03,Zone_A_FastMoving,3,4833.3,4869.2,35.9,A12 -> A03,2,2,120.0,4743.8,Normal Operation
W037,ORD_0277,A03,Zone_A_FastMoving,3,4772.8,4803.0,30.2,A03 -> A06 -> A01,1,3,90.0,4772.8,Normal Operation
W037,ORD_0277,A06,Zone_B_EngineParts,4,4833.0,4869.6,36.6,A03 -> A06 -> A01,2,3,90.0,4772.8,Normal Operation
W037,ORD_0277,A01,Zone_A_FastMoving,4,4899.6,4930.7,31.1,A03 -> A06 -> A01,3,3,90.0,4772.8,Normal Operation
W038,ORD_0278,A03,Zone_A_FastMoving,3,4805.3,4852.5,47.2,A03 -> A09,1,2,90.0,4805.3,Normal Operation
W038,ORD_0278,A09,Zone_C_Electrical,4,4912.5,4957.9,45.4,A03 -> A09,2,2,90.0,4805.3,Normal Operation
W039,ORD_0279,A11,Zone_C_Electrical,4,4864.2,4896.8,32.6,A11 -> A04,1,2,105.0,4864.2,Normal Operation
W039,ORD_0279,A04,Zone_A_FastMoving,5,4941.8,4990.3,48.5,A11 -> A04,2,2,105.0,4864.2,Normal Operation
W040,ORD_0280,A03,Zone_A_FastMoving,3,4866.5,4922.7,56.2,A03 -> A06,1,2,60.0,4866.5,Normal Operation
W040,ORD_0280,A06,Zone_B_EngineParts,4,4952.7,4997.5,44.8,A03 -> A06,2,2,60.0,4866.5,Normal Operation
W041,ORD_0281,A12,Zone_C_Electrical,5,4870.3,4912.1,41.8,A12 -> A02 -> A03,1,3,150.0,4870.3,Normal Operation
W041,ORD_0281,A02,Zone_A_FastMoving,4,4972.1,5014.8,42.7,A12 -> A02 -> A03,2,3,150.0,4870.3,Normal Operation
W041,ORD_0281,A03,Zone_A_FastMoving,3,5029.8,5072.1,42.3,A12 -> A02 -> A03,3,3,150.0,4870.3,Normal Operation
W042,ORD_0282,A07,Zone_B_EngineParts,3,4885.6,4940.2,54.6,A07 -> A03 -> A09 -> A12,1,4,165.0,4885.6,Normal Operation
W042,ORD_0282,A03,Zone_A_FastMoving,3,4955.2,4985.2,30.0,A07 -> A03 -> A09 -> A12,2,4,165.0,4885.6,Normal Operation
W042,ORD_0282,A09,Zone_C_Electrical,4,5045.2,5094.3,49.1,A07 -> A03 -> A09 -> A12,3,4,165.0,4885.6,Normal Operation
W042,ORD_0282,A12,Zone_C_Electrical,5,5139.3,5170.8,31.5,A07 -> A03 -> A09 -> A12,4,4,165.0,4885.6,Normal Operation
W043,ORD_0283,A01,Zone_A_FastMoving,4,4909.4,4960.0,50.6,A01 -> A07,1,2,45.0,4909.4,Normal Operation
W043,ORD_0283,A07,Zone_B_EngineParts,3,5005.0,5038.4,33.4,A01 -> A07,2,2,45.0,4909.4,Normal Operation
W044,ORD_0284,A05,Zone_B_EngineParts,4,4918.5,4952.1,33.6,A05 -> A04,1,2,75.0,4918.5,Normal Operation
W044,ORD_0284,A04,Zone_A_FastMoving,5,5012.1,5054.7,42.6,A05 -> A04,2,2,75.0,4918.5,Normal Operation
W045,ORD_0285,A02,Zone_A_FastMoving,4,4941.5,4991.6,50.1,A02 -> A03 -> A12,1,3,75.0,4941.5,Normal Operation
W045,ORD_0285,A03,Zone_A_FastMoving,3,5006.6,5057.0,50.4,A02 -> A03 -> A12,2,3,75.0,4941.5,Normal Operation
W045,ORD_0285,A12,Zone_C_Electrical,5,5102.0,5142.9,40.9,A02 -> A03 -> A12,3,3,75.0,4941.5,Normal Operation
W046,ORD_0286,A01,Zone_A_FastMoving,4,4945.7,4994.1,48.4,A01 -> A07 -> A11,1,3,60.0,4945.7,Normal Operation
W046,ORD_0286,A07,Zone_B_EngineParts,3,5039.1,5095.3,56.2,A01 -> A07 -> A11,2,3,60.0,4945.7,Normal Operation
W046,ORD_0286,A11,Zone_C_Electrical,4,5110.3,5162.0,51.7,A01 -> A07 -> A11,3,3,60.0,4945.7,Normal Operation
W047,ORD_0287,A11,Zone_C_Electrical,4,4947.4,4993.4,46.0,A11 -> A02,1,2,105.0,4947.4,Normal Operation
W047,ORD_0287,A02,Zone_A_FastMoving,4,5038.4,5072.7,34.3,A11 -> A02,2,2,105.0,4947.4,Normal Operation
W048,ORD_0288,A05,Zone_B_EngineParts,4,4953.3,4997.9,44.6,A05 -> A03,1,2,60.0,4953.3,Normal Operation
W048,ORD_0288,A03,Zone_A_FastMoving,3,5042.9,5090.2,47.3,A05 -> A03,2,2,60.0,4953.3,Normal Operation
W049,ORD_0289,A02,Zone_A_FastMoving,4,4957.9,4998.2,40.3,A02 -> A07,1,2,45.0,4957.9,Normal Operation
W049,ORD_0289,A07,Zone_B_EngineParts,3,5028.2,5080.1,51.9,A02 -> A07,2,2,45.0,4957.9,Normal Operation
W050,ORD_0290,A09,Zone_C_Electrical,4,4990.6,5040.8,50.2,A09 -> A07 -> A05,1,3,105.0,4990.6,Normal Operation
W050,ORD_0290,A07,Zone_B_EngineParts,3,5085.8,5124.1,38.3,A09 -> A07 -> A05,2,3,105.0,4990.6,Normal Operation
W050,ORD_0290,A05,Zone_B_EngineParts,4,5154.1,5193.3,39.2,A09 -> A07 -> A05,3,3,105.0,4990.6,Normal Operation
W051,ORD_0291,A05,Zone_B_EngineParts,4,5001.4,5057.1,55.7,A05 -> A08 -> A09,1,3,120.0,5001.4,Normal Operation
W051,ORD_0291,A08,Zone_B_EngineParts,5,5102.1,5159.6,57.5,A05 -> A08 -> A09,2,3,120.0,5001.4,Normal Operation
W051,ORD_0291,A09,Zone_C_Electrical,4,5219.6,5262.5,42.9,A05 -> A08 -> A09,3,3,120.0,5001.4,Normal Operation
W052,ORD_0292,A07,Zone_B_EngineParts,3,5006.3,5054.3,48.0,A07 -> A04,1,2,75.0,5006.3,Normal Operation
W052,ORD_0292,A04,Zone_A_FastMoving,5,5084.3,5135.5,51.2,A07 -> A04,2,2,75.0,5006.3,Normal Operation
W053,ORD_0293,A04,Zone_A_FastMoving,5,5034.3,5068.6,34.3,A04 -> A03 -> A05,1,3,105.0,5034.3,Normal Operation
W053,ORD_0293,A03,Zone_A_FastMoving,3,5083.6,5140.3,56.7,A04 -> A03 -> A05,2,3,105.0,5034.3,Normal Operation
W053,ORD_0293,A05,Zone_B_EngineParts,4,5185.3,5225.7,40.4,A04 -> A03 -> A05,3,3,105.0,5034.3,Normal Operation
W054,ORD_0294,A01,Zone_A_FastMoving,4,5071.9,5121.0,49.1,A01 -> A07,1,2,45.0,5071.9,Normal Operation
W054,ORD_0294,A07,Zone_B_EngineParts,3,5166.0,5206.2,40.2,A01 -> A07,2,2,45.0,5071.9,Normal Operation
W055,ORD_0295,A04,Zone_A_FastMoving,5,5094.5,5144.8,50.3,A04 -> A03,1,2,60.0,5094.5,Normal Operation
W055,ORD_0295,A03,Zone_A_FastMoving,3,5159.8,5208.0,48.2,A04 -> A03,2,2,60.0,5094.5,Normal Operation
W056,ORD_0296,A03,Zone_A_FastMoving,3,5112.1,5155.7,43.6,A03 -> A12,1,2,75.0,5112.1,Normal Operation
W056,ORD_0296,A12,Zone_C_Electrical,5,5200.7,5251.3,50.6,A03 -> A12,2,2,75.0,5112.1,Normal Operation
W057,ORD_0297,A06,Zone_B_EngineParts,4,5116.2,5161.4,45.2,A06 -> A01,1,2,60.0,5116.2,Normal Operation
W057,ORD_0297,A01,Zone_A_FastMoving,4,5191.4,5250.3,58.9,A06 -> A01,2,2,60.0,5116.2,Normal Operation
W058,ORD_0298,A01,Zone_A_FastMoving,4,5197.2,5232.0,34.8,A01 -> A05,1,2,15.0,5197.2,Normal Operation
W058,ORD_0298,A05,Zone_B_EngineParts,4,5247.0,5277.7,30.7,A01 -> A05,2,2,15.0,5197.2,Normal Operation
W059,ORD_0299,A05,Zone_B_EngineParts,4,5209.0,5242.5,33.5,A05 -> A03 -> A11,1,3,90.0,5209.0,Normal Operation
W059,ORD_0299,A03,Zone_A_FastMoving,3,5287.5,5346.2,58.7,A05 -> A03 -> A11,2,3,90.0,5209.0,Normal Operation
W059,ORD_0299,A11,Zone_C_Electrical,4,5376.2,5415.6,39.4,A05 -> A03 -> A11,3,3,90.0,5209.0,Normal Operation
W060,ORD_0300,A07,Zone_B_EngineParts,3,5220.4,5279.2,58.8,A07 -> A09 -> A12 -> A03,1,4,180.0,5220.4,Normal Operation
W060,ORD_0300,A09,Zone_C_Electrical,4,5324.2,5365.9,41.7,A07 -> A09 -> A12 -> A03,2,4,180.0,5220.4,Normal Operation
W060,ORD_0300,A12,Zone_C_Electrical,5,5410.9,5452.5,41.6,A07 -> A09 -> A12 -> A03,3,4,180.0,5220.4,Normal Operation
W060,ORD_0300,A03,Zone_A_FastMoving,3,5497.5,5537.7,40.2,A07 -> A09 -> A12 -> A03,4,4,180.0,5220.4,Normal Operation
W061,ORD_0301,A03,Zone_A_FastMoving,3,5235.4,5290.4,55.0,A03 -> A07 -> A10,1,3,75.0,5235.4,Normal Operation
W061,ORD_0301,A07,Zone_B_EngineParts,3,5305.4,5348.6,43.2,A03 -> A07 -> A10,2,3,75.0,5235.4,Normal Operation
W061,ORD_0301,A10,Zone_C_Electrical,4,5378.6,5417.7,39.1,A03 -> A07 -> A10,3,3,75.0,5235.4,Normal Operation
W062,ORD_0302,A03,Zone_A_FastMoving,3,5267.7,5308.0,40.3,A03 -> A01,1,2,60.0,5267.7,Normal Operation
W062,ORD_0302,A01,Zone_A_FastMoving,4,5338.0,5376.1,38.1,A03 -> A01,2,2,60.0,5267.7,Normal Operation
W063,ORD_0303,A07,Zone_B_EngineParts,3,5282.2,5331.0,48.8,A07 -> A03 -> A02 -> A06,1,4,90.0,5282.2,Normal Operation
W063,ORD_0303,A03,Zone_A_FastMoving,3,5346.0,5390.7,44.7,A07 -> A03 -> A02 -> A06,2,4,90.0,5282.2,Normal Operation
W063,ORD_0303,A02,Zone_A_FastMoving,4,5405.7,5447.8,42.1,A07 -> A03 -> A02 -> A06,3,4,90.0,5282.2,Normal Operation
W063,ORD_0303,A06,Zone_B_EngineParts,4,5462.8,5522.6,59.8,A07 -> A03 -> A02 -> A06,4,4,90.0,5282.2,Normal Operation
W064,ORD_0304,A07,Zone_B_EngineParts,3,5301.0,5345.3,44.3,A07 -> A03 -> A05 -> A01,1,4,120.0,5301.0,Normal Operation
W064,ORD_0304,A03,Zone_A_FastMoving,3,5360.3,5406.6,46.3,A07 -> A03 -> A05 -> A01,2,4,120.0,5301.0,Normal Operation
W064,ORD_0304,A05,Zone_B_EngineParts,4,5451.6,5488.4,36.8,A07 -> A03 -> A05 -> A01,3,4,120.0,5301.0,Normal Operation
W064,ORD_0304,A01,Zone_A_FastMoving,4,5503.4,5562.3,58.9,A07 -> A03 -> A05 -> A01,4,4,120.0,5301.0,Normal Operation
W065,ORD_0305,A07,Zone_B_EngineParts,3,5306.5,5360.2,53.7,A07 -> A06 -> A10 -> A02,1,4,105.0,5306.5,Normal Operation
W065,ORD_0305,A06,Zone_B_EngineParts,4,5375.2,5408.9,33.7,A07 -> A06 -> A10 -> A02,2,4,105.0,5306.5,Normal Operation
W065,ORD_0305,A10,Zone_C_Electrical,4,5423.9,5477.7,53.8,A07 -> A06 -> A10 -> A02,3,4,105.0,5306.5,Normal Operation
W065,ORD_0305,A02,Zone_A_FastMoving,4,5507.7,5546.0,38.3,A07 -> A06 -> A10 -> A02,4,4,105.0,5306.5,Normal Operation
W066,ORD_0306,A11,Zone_C_Electrical,4,5333.3,5377.8,44.5,A11 -> A03 -> A05 -> A12,1,4,195.0,5333.3,Normal Operation
W066,ORD_0306,A03,Zone_A_FastMoving,3,5407.8,5463.7,55.9,A11 -> A03 -> A05 -> A12,2,4,195.0,5333.3,Normal Operation
W066,ORD_0306,A05,Zone_B_EngineParts,4,5508.7,5556.4,47.7,A11 -> A03 -> A05 -> A12,3,4,195.0,5333.3,Normal Operation
W066,ORD_0306,A12,Zone_C_Electrical,5,5616.4,5657.7,41.3,A11 -> A03 -> A05 -> A12,4,4,195.0,5333.3,Normal Operation
W067,ORD_0307,A03,Zone_A_FastMoving,3,5369.3,5410.9,41.6,A03 -> A08,1,2,60.0,5369.3,Normal Operation
W067,ORD_0307,A08,Zone_B_EngineParts,5,5440.9,5486.2,45.3,A03 -> A08,2,2,60.0,5369.3,Normal Operation
W068,ORD_0308,A07,Zone_B_EngineParts,3,5369.5,5411.7,42.2,A07 -> A10 -> A12,1,3,105.0,5369.5,Normal Operation
W068,ORD_0308,A10,Zone_C_Electrical,4,5441.7,5496.5,54.8,A07 -> A10 -> A12,2,3,105.0,5369.5,Normal Operation
W068,ORD_0308,A12,Zone_C_Electrical,5,5526.5,5579.4,52.9,A07 -> A10 -> A12,3,3,105.0,5369.5,Normal Operation
W069,ORD_0309,A12,Zone_C_Electrical,5,5429.0,5484.6,55.6,A12 -> A03 -> A02,1,3,135.0,5429.0,Normal Operation
W069,ORD_0309,A03,Zone_A_FastMoving,3,5529.6,5572.8,43.2,A12 -> A03 -> A02,2,3,135.0,5429.0,Normal Operation
W069,ORD_0309,A02,Zone_A_FastMoving,4,5587.8,5643.2,55.4,A12 -> A03 -> A02,3,3,135.0,5429.0,Normal Operation
W070,ORD_0310,A02,Zone_A_FastMoving,4,5429.7,5478.5,48.8,A02 -> A10 -> A05 -> A06,1,4,90.0,5429.7,Normal Operation
W070,ORD_0310,A10,Zone_C_Electrical,4,5508.5,5566.3,57.8,A02 -> A10 -> A05 -> A06,2,4,90.0,5429.7,Normal Operation
W070,ORD_0310,A05,Zone_B_EngineParts,4,5596.3,5626.9,30.6,A02 -> A10 -> A05 -> A06,3,4,90.0,5429.7,Normal Operation
W070,ORD_0310,A06,Zone_B_EngineParts,4,5641.9,5686.2,44.3,A02 -> A10 -> A05 -> A06,4,4,90.0,5429.7,Normal Operation
W071,ORD_0311,A07,Zone_B_EngineParts,3,5446.8,5487.6,40.8,A07 -> A02 -> A03,1,3,90.0,5446.8,Normal Operation
W071,ORD_0311,A02,Zone_A_FastMoving,4,5517.6,5571.7,54.1,A07 -> A02 -> A03,2,3,90.0,5446.8,Normal Operation
W071,ORD_0311,A03,Zone_A_FastMoving,3,5586.7,5625.1,38.4,A07 -> A02 -> A03,3,3,90.0,5446.8,Normal Operation
W072,ORD_0312,A12,Zone_C_Electrical,5,5459.3,5519.2,59.9,A12 -> A01,1,2,150.0,5459.3,Normal Operation
W072,ORD_0312,A01,Zone_A_FastMoving,4,5594.2,5644.5,50.3,A12 -> A01,2,2,150.0,5459.3,Normal Operation
W073,ORD_0313,A03,Zone_A_FastMoving,3,5462.5,5514.7,52.2,A03 -> A01 -> A07 -> A09,1,4,150.0,5462.5,Normal Operation
W073,ORD_0313,A01,Zone_A_FastMoving,4,5544.7,5579.0,34.3,A03 -> A01 -> A07 -> A09,2,4,150.0,5462.5,Normal Operation
W073,ORD_0313,A07,Zone_B_EngineParts,3,5624.0,5676.6,52.6,A03 -> A01 -> A07 -> A09,3,4,150.0,5462.5,Normal Operation
W073,ORD_0313,A09,Zone_C_Electrical,4,5721.6,5774.7,53.1,A03 -> A01 -> A07 -> A09,4,4,150.0,5462.5,Normal Operation
W074,ORD_0314,A08,Zone_B_EngineParts,5,5476.3,5509.0,32.7,A08 -> A09 -> A07,1,3,165.0,5476.3,Normal Operation
W074,ORD_0314,A09,Zone_C_Electrical,4,5569.0,5613.6,44.6,A08 -> A09 -> A07,2,3,165.0,5476.3,Normal Operation
W074,ORD_0314,A07,Zone_B_EngineParts,3,5658.6,5690.9,32.3,A08 -> A09 -> A07,3,3,165.0,5476.3,Normal Operation
W075,ORD_0315,A04,Zone_A_FastMoving,5,5484.1,5517.4,33.3,A04 -> A02 -> A03,1,3,90.0,5484.1,Normal Operation
W075,ORD_0315,A02,Zone_A_FastMoving,4,5547.4,5601.6,54.2,A04 -> A02 -> A03,2,3,90.0,5484.1,Normal Operation
W075,ORD_0315,A03,Zone_A_FastMoving,3,5616.6,5675.0,58.4,A04 -> A02 -> A03,3,3,90.0,5484.1,Normal Operation
W076,ORD_0316,A12,Zone_C_Electrical,5,5490.3,5529.3,39.0,A12 -> A06,1,2,120.0,5490.3,Normal Operation
W076,ORD_0316,A06,Zone_B_EngineParts,4,5574.3,5606.6,32.3,A12 -> A06,2,2,120.0,5490.3,Normal Operation
W077,ORD_0317,A08,Zone_B_EngineParts,5,5491.0,5523.2,32.2,A08 -> A07 -> A01,1,3,120.0,5491.0,Normal Operation
W077,ORD_0317,A07,Zone_B_EngineParts,3,5538.2,5580.3,42.1,A08 -> A07 -> A01,2,3,120.0,5491.0,Normal Operation
W077,ORD_0317,A01,Zone_A_FastMoving,4,5625.3,5664.2,38.9,A08 -> A07 -> A01,3,3,120.0,5491.0,Normal Operation
W078,ORD_0318,A03,Zone_A_FastMoving,3,5499.2,5557.1,57.9,A03 -> A09,1,2,90.0,5499.2,Normal Operation
W078,ORD_0318,A09,Zone_C_Electrical,4,5617.1,5659.3,42.2,A03 -> A09,2,2,90.0,5499.2,Normal Operation
W079,ORD_0319,A03,Zone_A_FastMoving,3,5510.6,5558.7,48.1,A03 -> A06 -> A07 -> A12,1,4,105.0,5510.6,Normal Operation
W079,ORD_0319,A06,Zone_B_EngineParts,4,5588.7,5629.4,40.7,A03 -> A06 -> A07 -> A12,2,4,105.0,5510.6,Normal Operation
W079,ORD_0319,A07,Zone_B_EngineParts,3,5644.4,5693.8,49.4,A03 -> A06 -> A07 -> A12,3,4,105.0,5510.6,Normal Operation
W079,ORD_0319,A12,Zone_C_Electrical,5,5723.8,5757.5,33.7,A03 -> A06 -> A07 -> A12,4,4,105.0,5510.6,Normal Operation
W080,ORD_0320,A06,Zone_B_EngineParts,4,5554.3,5604.8,50.5,A06 -> A05 -> A07 -> A01,1,4,120.0,5554.3,Normal Operation
W080,ORD_0320,A05,Zone_B_EngineParts,4,5619.8,5657.1,37.3,A06 -> A05 -> A07 -> A01,2,4,120.0,5554.3,Normal Operation
W080,ORD_0320,A07,Zone_B_EngineParts,3,5687.1,5738.5,51.4,A06 -> A05 -> A07 -> A01,3,4,120.0,5554.3,Normal Operation
W080,ORD_0320,A01,Zone_A_FastMoving,4,5783.5,5838.2,54.7,A06 -> A05 -> A07 -> A01,4,4,120.0,5554.3,Normal Operation
W081,ORD_0321,A07,Zone_B_EngineParts,3,5558.6,5596.7,38.1,A07 -> A06 -> A03 -> A08,1,4,120.0,5558.6,Normal Operation
W081,ORD_0321,A06,Zone_B_EngineParts,4,5611.7,5656.6,44.9,A07 -> A06 -> A03 -> A08,2,4,120.0,5558.6,Normal Operation
W081,ORD_0321,A03,Zone_A_FastMoving,3,5686.6,5725.1,38.5,A07 -> A06 -> A03 -> A08,3,4,120.0,5558.6,Normal Operation
W081,ORD_0321,A08,Zone_B_EngineParts,5,5755.1,5789.1,34.0,A07 -> A06 -> A03 -> A08,4,4,120.0,5558.6,Normal Operation
W082,ORD_0322,A01,Zone_A_FastMoving,4,5565.0,5595.0,30.0,A01 -> A08 -> A03,1,3,90.0,5565.0,Normal Operation
W082,ORD_0322,A08,Zone_B_EngineParts,5,5655.0,5700.3,45.3,A01 -> A08 -> A03,2,3,90.0,5565.0,Normal Operation
W082,ORD_0322,A03,Zone_A_FastMoving,3,5730.3,5761.7,31.4,A01 -> A08 -> A03,3,3,90.0,5565.0,Normal Operation
W083,ORD_0323,A07,Zone_B_EngineParts,3,5589.0,5644.2,55.2,A07 -> A02,1,2,75.0,5589.0,Normal Operation
W083,ORD_0323,A02,Zone_A_FastMoving,4,5674.2,5704.3,30.1,A07 -> A02,2,2,75.0,5589.0,Normal Operation
W084,ORD_0324,A08,Zone_B_EngineParts,5,5599.0,5632.1,33.1,A08 -> A03,1,2,90.0,5599.0,Normal Operation
W084,ORD_0324,A03,Zone_A_FastMoving,3,5662.1,5702.9,40.8,A08 -> A03,2,2,90.0,5599.0,Normal Operation
W085,ORD_0325,A09,Zone_C_Electrical,4,5641.9,5695.6,53.7,A09 -> A03,1,2,90.0,5641.9,Normal Operation
W085,ORD_0325,A03,Zone_A_FastMoving,3,5755.6,5812.4,56.8,A09 -> A03,2,2,90.0,5641.9,Normal Operation
W086,ORD_0326,A11,Zone_C_Electrical,4,5659.1,5691.8,32.7,A11 -> A04 -> A12,1,3,135.0,5659.1,Normal Operation
W086,ORD_0326,A04,Zone_A_FastMoving,5,5736.8,5787.4,50.6,A11 -> A04 -> A12,2,3,135.0,5659.1,Normal Operation
W086,ORD_0326,A12,Zone_C_Electrical,5,5817.4,5862.2,44.8,A11 -> A04 -> A12,3,3,135.0,5659.1,Normal Operation
W087,ORD_0327,A07,Zone_B_EngineParts,3,5681.3,5716.3,35.0,A07 -> A01,1,2,90.0,5681.3,Normal Operation
W087,ORD_0327,A01,Zone_A_FastMoving,4,5761.3,5812.7,51.4,A07 -> A01,2,2,90.0,5681.3,Normal Operation
W088,ORD_0328,A12,Zone_C_Electrical,5,5689.7,5728.6,38.9,A12 -> A08 -> A07,1,3,105.0,5689.7,Normal Operation
W088,ORD_0328,A08,Zone_B_EngineParts,5,5743.6,5776.8,33.2,A12 -> A08 -> A07,2,3,105.0,5689.7,Normal Operation
W088,ORD_0328,A07,Zone_B_EngineParts,3,5791.8,5845.3,53.5,A12 -> A08 -> A07,3,3,105.0,5689.7,Normal Operation
W089,ORD_0329,A01,Zone_A_FastMoving,4,5729.3,5774.3,45.0,A01 -> A04 -> A12,1,3,75.0,5729.3,Normal Operation
W089,ORD_0329,A04,Zone_A_FastMoving,5,5819.3,5862.3,43.0,A01 -> A04 -> A12,2,3,75.0,5729.3,Normal Operation
W089,ORD_0329,A12,Zone_C_Electrical,5,5892.3,5936.0,43.7,A01 -> A04 -> A12,3,3,75.0,5729.3,Normal Operation
W090,ORD_0330,A04,Zone_A_FastMoving,5,5732.8,5785.8,53.0,A04 -> A01,1,2,90.0,5732.8,Normal Operation
W090,ORD_0330,A01,Zone_A_FastMoving,4,5830.8,5873.3,42.5,A04 -> A01,2,2,90.0,5732.8,Normal Operation
W091,ORD_0331,A10,Zone_C_Electrical,4,5749.7,5806.1,56.4,A10 -> A03 -> A07 -> A06,1,4,120.0,5749.7,Normal Operation
W091,ORD_0331,A03,Zone_A_FastMoving,3,5851.1,5887.6,36.5,A10 -> A03 -> A07 -> A06,2,4,120.0,5749.7,Normal Operation
W091,ORD_0331,A07,Zone_B_EngineParts,3,5902.6,5952.9,50.3,A10 -> A03 -> A07 -> A06,3,4,120.0,5749.7,Normal Operation
W091,ORD_0331,A06,Zone_B_EngineParts,4,5967.9,6016.1,48.2,A10 -> A03 -> A07 -> A06,4,4,120.0,5749.7,Normal Operation
W092,ORD_0332,A02,Zone_A_FastMoving,4,5755.6,5807.8,52.2,A02 -> A07,1,2,45.0,5755.6,Normal Operation
W092,ORD_0332,A07,Zone_B_EngineParts,3,5837.8,5877.3,39.5,A02 -> A07,2,2,45.0,5755.6,Normal Operation
W093,ORD_0333,A04,Zone_A_FastMoving,5,5770.6,5827.3,56.7,A04 -> A07 -> A03,1,3,90.0,5770.6,Normal Operation
W093,ORD_0333,A07,Zone_B_EngineParts,3,5857.3,5895.9,38.6,A04 -> A07 -> A03,2,3,90.0,5770.6,Normal Operation
W093,ORD_0333,A03,Zone_A_FastMoving,3,5910.9,5951.9,41.0,A04 -> A07 -> A03,3,3,90.0,5770.6,Normal Operation
W094,ORD_0334,A02,Zone_A_FastMoving,4,5807.2,5845.2,38.0,A02 -> A06,1,2,30.0,5807.2,Normal Operation
W094,ORD_0334,A06,Zone_B_EngineParts,4,5860.2,5915.3,55.1,A02 -> A06,2,2,30.0,5807.2,Normal Operation
W095,ORD_0335,A04,Zone_A_FastMoving,5,5818.4,5849.0,30.6,A04 -> A03,1,2,60.0,5818.4,Normal Operation
W095,ORD_0335,A03,Zone_A_FastMoving,3,5864.0,5897.7,33.7,A04 -> A03,2,2,60.0,5818.4,Normal Operation
W096,ORD_0336,A06,Zone_B_EngineParts,4,5838.0,5868.3,30.3,A06 -> A04 -> A07,1,3,105.0,5838.0,Normal Operation
W096,ORD_0336,A04,Zone_A_FastMoving,5,5913.3,5957.2,43.9,A06 -> A04 -> A07,2,3,105.0,5838.0,Normal Operation
W096,ORD_0336,A07,Zone_B_EngineParts,3,5987.2,6046.1,58.9,A06 -> A04 -> A07,3,3,105.0,5838.0,Normal Operation
W097,ORD_0337,A07,Zone_B_EngineParts,3,5843.8,5897.0,53.2,A07 -> A03 -> A08,1,3,90.0,5843.8,Normal Operation
W097,ORD_0337,A03,Zone_A_FastMoving,3,5912.0,5957.6,45.6,A07 -> A03 -> A08,2,3,90.0,5843.8,Normal Operation
W097,ORD_0337,A08,Zone_B_EngineParts,5,5987.6,6046.9,59.3,A07 -> A03 -> A08,3,3,90.0,5843.8,Normal Operation
W098,ORD_0338,A01,Zone_A_FastMoving,4,5890.2,5944.4,54.2,A01 -> A08,1,2,60.0,5890.2,Normal Operation
W098,ORD_0338,A08,Zone_B_EngineParts,5,6004.4,6038.0,33.6,A01 -> A08,2,2,60.0,5890.2,Normal Operation
W099,ORD_0339,A01,Zone_A_FastMoving,4,5891.4,5944.6,53.2,A01 -> A03,1,2,30.0,5891.4,Normal Operation
W099,ORD_0339,A03,Zone_A_FastMoving,3,5974.6,6020.1,45.5,A01 -> A03,2,2,30.0,5891.4,Normal Operation
W100,ORD_0340,A04,Zone_A_FastMoving,5,5897.4,5936.4,39.0,A04 -> A01,1,2,90.0,5897.4,Normal Operation
W100,ORD_0340,A01,Zone_A_FastMoving,4,5981.4,6030.8,49.4,A04 -> A01,2,2,90.0,5897.4,Normal Operation
W101,ORD_0341,A09,Zone_C_Electrical,4,5909.7,5963.1,53.4,A09 -> A01 -> A10 -> A08,1,4,150.0,5909.7,Normal Operation
W101,ORD_0341,A01,Zone_A_FastMoving,4,5993.1,6036.8,43.7,A09 -> A01 -> A10 -> A08,2,4,150.0,5909.7,Normal Operation
W101,ORD_0341,A10,Zone_C_Electrical,4,6081.8,6123.7,41.9,A09 -> A01 -> A10 -> A08,3,4,150.0,5909.7,Normal Operation
W101,ORD_0341,A08,Zone_B_EngineParts,5,6168.7,6207.8,39.1,A09 -> A01 -> A10 -> A08,4,4,150.0,5909.7,Normal Operation
W102,ORD_0342,A03,Zone_A_FastMoving,3,5915.9,5968.3,52.4,A03 -> A07,1,2,45.0,5915.9,Normal Operation
W102,ORD_0342,A07,Zone_B_EngineParts,3,5983.3,6027.5,44.2,A03 -> A07,2,2,45.0,5915.9,Normal Operation
W103,ORD_0343,A12,Zone_C_Electrical,5,5933.9,5987.5,53.6,A12 -> A11,1,2,90.0,5933.9,Normal Operation
W103,ORD_0343,A11,Zone_C_Electrical,4,6002.5,6062.2,59.7,A12 -> A11,2,2,90.0,5933.9,Normal Operation
W104,ORD_0344,A12,Zone_C_Electrical,5,5935.8,5972.6,36.8,A12 -> A02 -> A04,1,3,165.0,5935.8,Normal Operation
W104,ORD_0344,A02,Zone_A_FastMoving,4,6032.6,6068.5,35.9,A12 -> A02 -> A04,2,3,165.0,5935.8,Normal Operation
W104,ORD_0344,A04,Zone_A_FastMoving,5,6098.5,6132.7,34.2,A12 -> A02 -> A04,3,3,165.0,5935.8,Normal Operation
W105,ORD_0345,A08,Zone_B_EngineParts,5,5947.3,6001.6,54.3,A08 -> A07 -> A03,1,3,90.0,5947.3,Normal Operation
W105,ORD_0345,A07,Zone_B_EngineParts,3,6016.6,6065.7,49.1,A08 -> A07 -> A03,2,3,90.0,5947.3,Normal Operation
W105,ORD_0345,A03,Zone_A_FastMoving,3,6080.7,6122.3,41.6,A08 -> A07 -> A03,3,3,90.0,5947.3,Normal Operation
W106,ORD_0346,A03,Zone_A_FastMoving,3,5954.8,5998.9,44.1,A03 -> A11 -> A05,1,3,105.0,5954.8,Normal Operation
W106,ORD_0346,A11,Zone_C_Electrical,4,6028.9,6085.6,56.7,A03 -> A11 -> A05,2,3,105.0,5954.8,Normal Operation
W106,ORD_0346,A05,Zone_B_EngineParts,4,6130.6,6181.8,51.2,A03 -> A11 -> A05,3,3,105.0,5954.8,Normal Operation
W107,ORD_0347,A03,Zone_A_FastMoving,3,5972.2,6021.1,48.9,A03 -> A01,1,2,60.0,5972.2,Normal Operation
W107,ORD_0347,A01,Zone_A_FastMoving,4,6051.1,6094.5,43.4,A03 -> A01,2,2,60.0,5972.2,Normal Operation
W108,ORD_0348,A12,Zone_C_Electrical,5,6032.2,6069.5,37.3,A12 -> A06,1,2,120.0,6032.2,Normal Operation
W108,ORD_0348,A06,Zone_B_EngineParts,4,6114.5,6159.5,45.0,A12 -> A06,2,2,120.0,6032.2,Normal Operation
W109,ORD_0349,A02,Zone_A_FastMoving,4,6039.7,6083.5,43.8,A02 -> A03 -> A09,1,3,90.0,6039.7,Normal Operation
W109,ORD_0349,A03,Zone_A_FastMoving,3,6098.5,6144.9,46.4,A02 -> A03 -> A09,2,3,90.0,6039.7,Normal Operation
W109,ORD_0349,A09,Zone_C_Electrical,4,6204.9,6247.9,43.0,A02 -> A03 -> A09,3,3,90.0,6039.7,Normal Operation
W110,ORD_0350,A03,Zone_A_FastMoving,3,6059.1,6095.4,36.3,A03 -> A05,1,2,75.0,6059.1,Normal Operation
W110,ORD_0350,A05,Zone_B_EngineParts,4,6140.4,6171.9,31.5,A03 -> A05,2,2,75.0,6059.1,Normal Operation
